image_file,caption
"photoshoot of a black female model wearing pink top and white pant standing on grass, globe shaped bush rows behind, distant shot, 4k_0.png","photoshoot of a black female model wearing pink top and white pant standing on grass, globe shaped bush rows behind, distant shot, 4k"
"photoshoot of a chinese female model wearing pink kurta and black pant standing on grass, globe shaped bush rows behind, distant shot, 4k_1.png","photoshoot of a chinese female model wearing pink kurta and black pant standing on grass, globe shaped bush rows behind, distant shot, 4k"
"photoshoot of a chinese female model wearing yellow top and black pant standing on grass, globe shaped bush rows behind, distant shot, 4k_2.png","photoshoot of a chinese female model wearing yellow top and black pant standing on grass, globe shaped bush rows behind, distant shot, 4k"
"photoshoot of a chinese female model wearing yellow top and black pant standing on grass, globe shaped bush rows behind, distant shot, 4k_3.png","photoshoot of a chinese female model wearing yellow top and black pant standing on grass, globe shaped bush rows behind, distant shot, 4k"
"photoshoot of a chinese female model wearing yellow top and black pant standing on grass, globe shaped bush rows behind, distant shot, 4k_4.png","photoshoot of a chinese female model wearing yellow top and black pant standing on grass, globe shaped bush rows behind, distant shot, 4k"
"photoshoot of a chinese male model wearing blue t-shirt and black pant standing on grass, globe shaped bush rows behind, distant shot, 4k_5.png","photoshoot of a chinese male model wearing blue t-shirt and black pant standing on grass, globe shaped bush rows behind, distant shot, 4k"
"photoshoot of a chinese male model wearing blue t-shirt and black pant standing on grass, globe shaped bush rows behind, distant shot, 4k_6.png","photoshoot of a chinese male model wearing blue t-shirt and black pant standing on grass, globe shaped bush rows behind, distant shot, 4k"
"photoshoot of a indian female model wearing pink kurta and black pant standing on grass, globe shaped bush rows behind, distant shot, 4k_7.png","photoshoot of a indian female model wearing pink kurta and black pant standing on grass, globe shaped bush rows behind, distant shot, 4k"
"photoshoot of a indian female model wearing pink kurta and black pant standing on grass, globe shaped bush rows behind, distant shot, 4k_8.png","photoshoot of a indian female model wearing pink kurta and black pant standing on grass, globe shaped bush rows behind, distant shot, 4k"
"photoshoot of a indian female model wearing pink kurta and black pant standing on grass, globe shaped bush rows behind, distant shot, 4k_9.png","photoshoot of a indian female model wearing pink kurta and black pant standing on grass, globe shaped bush rows behind, distant shot, 4k"
