image_file,caption
"photoshoot of a black car standing on road at a pose, forest at one side, sea at other side_0.png","photoshoot of a black car standing on road at a pose, forest at one side, sea at other side"
"photoshoot of a black car standing on road at a pose, forest at one side, sea at other side_1.png","photoshoot of a black car standing on road at a pose, forest at one side, sea at other side"
"photoshoot of a black sports car standing on road at a pose, forest at one side, sea at other side_2.png","photoshoot of a black sports car standing on road at a pose, forest at one side, sea at other side"
"photoshoot of a black sports car standing on road at a pose, forest at one side, sea at other side_3.png","photoshoot of a black sports car standing on road at a pose, forest at one side, sea at other side"
"photoshoot of a blue SUV car standing on road at a pose, forest at one side, sea at other side_4.png","photoshoot of a blue SUV car standing on road at a pose, forest at one side, sea at other side"
"photoshoot of a blue SUV car standing on road at a pose, forest at one side, sea at other side_5.png","photoshoot of a blue SUV car standing on road at a pose, forest at one side, sea at other side"
"photoshoot of a blue SUV car standing on road at a pose, forest at one side, sea at other side_6.png","photoshoot of a blue SUV car standing on road at a pose, forest at one side, sea at other side"
"photoshoot of a white car standing on road at a pose, forest at one side, sea at other side_7.png","photoshoot of a white car standing on road at a pose, forest at one side, sea at other side"
"photoshoot of a white car standing on road at a pose, forest at one side, sea at other side_8.png","photoshoot of a white car standing on road at a pose, forest at one side, sea at other side"
"photoshoot of a white minivan car standing on road at a pose, forest at one side, sea at other side_10.png","photoshoot of a white minivan car standing on road at a pose, forest at one side, sea at other side"
"photoshoot of a white minivan car standing on road at a pose, forest at one side, sea at other side_9.png","photoshoot of a white minivan car standing on road at a pose, forest at one side, sea at other side"
