image_file,caption
"product photoshoot of a brown serum bottle on rectangular wooden chopping board on white table, tree leaves in background, sunlight, 4k, close up, focus on product_0.png","product photoshoot of a brown serum bottle on rectangular wooden chopping board on white table, tree leaves in background, sunlight, 4k, close up, focus on product"
"product photoshoot of a brown serum bottle on rectangular wooden chopping board on white table, tree leaves in background, sunlight, 4k, close up, focus on product_1.png","product photoshoot of a brown serum bottle on rectangular wooden chopping board on white table, tree leaves in background, sunlight, 4k, close up, focus on product"
"product photoshoot of a skincare tube on rectangular wooden chopping board on white table, tree leaves in background, sunlight, 4k, close up, focus on product_2.png","product photoshoot of a skincare tube on rectangular wooden chopping board on white table, tree leaves in background, sunlight, 4k, close up, focus on product"
"product photoshoot of a skincare tube on rectangular wooden chopping board on white table, tree leaves in background, sunlight, 4k, close up, focus on product_3.png","product photoshoot of a skincare tube on rectangular wooden chopping board on white table, tree leaves in background, sunlight, 4k, close up, focus on product"
"product photoshoot of a small blue perfume bottle on rectangular wooden chopping board on white table, tree leaves in background, sunlight, 4k, close up, focus on product_4.png","product photoshoot of a small blue perfume bottle on rectangular wooden chopping board on white table, tree leaves in background, sunlight, 4k, close up, focus on product"
"product photoshoot of a solid grey bottle on rectangular wooden chopping board on white table, tree leaves in background, sunlight, 4k, close up, focus on product_5.png","product photoshoot of a solid grey bottle on rectangular wooden chopping board on white table, tree leaves in background, sunlight, 4k, close up, focus on product"
"product photoshoot of a solid grey bottle with plain cap on rectangular wooden chopping board on white table, tree leaves in background, sunlight, 4k, close up, focus on product_6.png","product photoshoot of a solid grey bottle with plain cap on rectangular wooden chopping board on white table, tree leaves in background, sunlight, 4k, close up, focus on product"
"product photoshoot of a white jar on rectangular wooden chopping board on white table, tree leaves in background, sunlight, 4k, close up, focus on product_7.png","product photoshoot of a white jar on rectangular wooden chopping board on white table, tree leaves in background, sunlight, 4k, close up, focus on product"
"product photoshoot of a white jar on rectangular wooden chopping board on white table, tree leaves in background, sunlight, 4k, close up, focus on product_8.png","product photoshoot of a white jar on rectangular wooden chopping board on white table, tree leaves in background, sunlight, 4k, close up, focus on product"
"product photoshoot of a white jar on rectangular wooden platform on white table, tree leaves in background, 4k, close up, focus on product, depth of field_9.png","product photoshoot of a white jar on rectangular wooden platform on white table, tree leaves in background, 4k, close up, focus on product, depth of field"
