image_file,caption
"product photoshoot of a single black shoe kept in the middle of a wide black road, buildings can be seen in distant background_0.png","product photoshoot of a single black shoe kept in the middle of a wide black road, buildings can be seen in distant background"
"product photoshoot of a single black shoe kept in the middle of a wide black road, buildings can be seen in distant background_1.png","product photoshoot of a single black shoe kept in the middle of a wide black road, buildings can be seen in distant background"
"product photoshoot of a single sneaker kept in the middle of a wide black road, buildings can be seen in distant background_2.png","product photoshoot of a single sneaker kept in the middle of a wide black road, buildings can be seen in distant background"
"product photoshoot of a single sneaker kept in the middle of a wide black road, buildings can be seen in distant background_3.png","product photoshoot of a single sneaker kept in the middle of a wide black road, buildings can be seen in distant background"
"product photoshoot of a single sports shoe kept in the middle of a wide black road, buildings can be seen in distant background_4.png","product photoshoot of a single sports shoe kept in the middle of a wide black road, buildings can be seen in distant background"
"product photoshoot of a single sports shoe kept in the middle of a wide black road, buildings can be seen in distant background_5.png","product photoshoot of a single sports shoe kept in the middle of a wide black road, buildings can be seen in distant background"
"product photoshoot of a single sports shoe kept in the middle of a wide black road, buildings can be seen in distant background_6.png","product photoshoot of a single sports shoe kept in the middle of a wide black road, buildings can be seen in distant background"
"product photoshoot of a single sports shoe kept in the middle of a wide black road, buildings can be seen in distant background_7.png","product photoshoot of a single sports shoe kept in the middle of a wide black road, buildings can be seen in distant background"
"product photoshoot of a single white snekaer kept in the middle of a wide black road, buildings can be seen in distant background_8.png","product photoshoot of a single white snekaer kept in the middle of a wide black road, buildings can be seen in distant background"
"product photoshoot of a single white snekaer kept in the middle of a wide black road, buildings can be seen in distant background_9.png","product photoshoot of a single white snekaer kept in the middle of a wide black road, buildings can be seen in distant background"
"product photoshoot of a sneaker kept in the middle of a wide black road, buildings can be seen in distant background_10.png","product photoshoot of a sneaker kept in the middle of a wide black road, buildings can be seen in distant background"
