image_file,caption
"photoshoot of a black female model wearing pink top and black pant standing on white marble floor, beige wall in background, flower vase on right side, distant shot_0.png","photoshoot of a black female model wearing pink top and black pant standing on white marble floor, beige wall in background, flower vase on right side, distant shot"
"photoshoot of a black male model wearing blue t-shirt and white pant standing on white marble floor, beige wall in background, flower vase on right side, distant shot_1.png","photoshoot of a black male model wearing blue t-shirt and white pant standing on white marble floor, beige wall in background, flower vase on right side, distant shot"
"photoshoot of a chinese female model wearing blue top and black pant standing on white marble floor, plain beige wall in background, flower vase on right side, distant shot_2.png","photoshoot of a chinese female model wearing blue top and black pant standing on white marble floor, plain beige wall in background, flower vase on right side, distant shot"
"photoshoot of a chinese female model wearing blue top and black pant standing on white marble floor, plain beige wall in background, flower vase on right side, distant shot_3.png","photoshoot of a chinese female model wearing blue top and black pant standing on white marble floor, plain beige wall in background, flower vase on right side, distant shot"
"photoshoot of a chinese male model wearing green t-shirt and black pant standing on white marble floor, beige wall in background, flower vase on right side, distant shot_4.png","photoshoot of a chinese male model wearing green t-shirt and black pant standing on white marble floor, beige wall in background, flower vase on right side, distant shot"
"photoshoot of a chinese male model wearing green t-shirt and black pant standing on white marble floor, beige wall in background, flower vase on right side, distant shot_5.png","photoshoot of a chinese male model wearing green t-shirt and black pant standing on white marble floor, beige wall in background, flower vase on right side, distant shot"
"photoshoot of a indian female model wearing pink kurta and black pant standing on white marble floor, beige wall in background, flower vase on right side, distant shot_6.png","photoshoot of a indian female model wearing pink kurta and black pant standing on white marble floor, beige wall in background, flower vase on right side, distant shot"
"photoshoot of a indian female model wearing pink kurta and black pant standing on white marble floor, beige wall in background, flower vase on right side, distant shot_7.png","photoshoot of a indian female model wearing pink kurta and black pant standing on white marble floor, beige wall in background, flower vase on right side, distant shot"
"photoshoot of a indian male model wearing yellow t-shirt and black pant standing on white marble floor, beige wall in background, flower vase on right side, distant shot_8.png","photoshoot of a indian male model wearing yellow t-shirt and black pant standing on white marble floor, beige wall in background, flower vase on right side, distant shot"
"photoshoot of a indian male model wearing yellow t-shirt and black pant standing on white marble floor, beige wall in background, flower vase on right side, distant shot_9.png","photoshoot of a indian male model wearing yellow t-shirt and black pant standing on white marble floor, beige wall in background, flower vase on right side, distant shot"
