image_file,caption
"product photoshoot of blue perfume bottle standing on rectangular stone platform, gray textured rectangular stone wall in background, dark studio shoot, shot from below_0.png","product photoshoot of blue perfume bottle standing on rectangular stone platform, gray textured rectangular stone wall in background, dark studio shoot, shot from below"
"product photoshoot of blue perfume bottle standing on rectangular stone platform, gray textured rectangular stone wall in background, dark studio shoot, shot from below_1.png","product photoshoot of blue perfume bottle standing on rectangular stone platform, gray textured rectangular stone wall in background, dark studio shoot, shot from below"
"product photoshoot of brown serum bottle stnading on rectangular stone platform, gray textured rectangular stone wall in background, dark studio shoot, low angle shot_2.png","product photoshoot of brown serum bottle stnading on rectangular stone platform, gray textured rectangular stone wall in background, dark studio shoot, low angle shot"
"product photoshoot of brown serum bottle stnading on rectangular stone platform, gray textured rectangular stone wall in background, dark studio shoot, shot from below_3.png","product photoshoot of brown serum bottle stnading on rectangular stone platform, gray textured rectangular stone wall in background, dark studio shoot, shot from below"
"product photoshoot of brown serum bottle stnading on stone platform, gray textured rectangular stone wall in background, dark studio shoot, low angle shot_4.png","product photoshoot of brown serum bottle stnading on stone platform, gray textured rectangular stone wall in background, dark studio shoot, low angle shot"
"product photoshoot of jar stnading on rectangular stone platform, gray textured rectangular stone wall in background, dark studio shoot, shot from below_5.png","product photoshoot of jar stnading on rectangular stone platform, gray textured rectangular stone wall in background, dark studio shoot, shot from below"
"product photoshoot of jar stnading on rectangular stone platform, gray textured rectangular stone wall in background, dark studio shoot, shot from below_6.png","product photoshoot of jar stnading on rectangular stone platform, gray textured rectangular stone wall in background, dark studio shoot, shot from below"
"product photoshoot of jar stnading on rectangular stone platform, gray textured rectangular stone wall in background, dark studio shoot, shot from below_7.png","product photoshoot of jar stnading on rectangular stone platform, gray textured rectangular stone wall in background, dark studio shoot, shot from below"
"product photoshoot of solid gray bottle with plain cap standing on rectangular stone platform, gray textured rectangular stone wall in background, dark studio shoot, shot from below_8.png","product photoshoot of solid gray bottle with plain cap standing on rectangular stone platform, gray textured rectangular stone wall in background, dark studio shoot, shot from below"
"product photoshoot of wine bottle stnading on rectangular stone platform, gray textured rectangular stone wall in background, dark studio shoot, shot from below_10.png","product photoshoot of wine bottle stnading on rectangular stone platform, gray textured rectangular stone wall in background, dark studio shoot, shot from below"
"product photoshoot of wine bottle stnading on rectangular stone platform, gray textured rectangular stone wall in background, dark studio shoot, shot from below_9.png","product photoshoot of wine bottle stnading on rectangular stone platform, gray textured rectangular stone wall in background, dark studio shoot, shot from below"
