image_file,caption
"product photoshoot of a blue perfume bottle standing on white floor, pink flowers nearby, close up shot_0.png","product photoshoot of a blue perfume bottle standing on white floor, pink flowers nearby, close up shot"
"product photoshoot of a blue perfume bottle standing on white floor, pink flowers nearby, close up shot_1.png","product photoshoot of a blue perfume bottle standing on white floor, pink flowers nearby, close up shot"
"product photoshoot of a brown serum bottle standing on white floor, pink flowers nearby, close up shot_2.png","product photoshoot of a brown serum bottle standing on white floor, pink flowers nearby, close up shot"
"product photoshoot of a brown serum bottle standing on white floor, pink flowers nearby, close up shot_3.png","product photoshoot of a brown serum bottle standing on white floor, pink flowers nearby, close up shot"
"product photoshoot of a pink skincare tube standing on white floor, pink flowers nearby, close up shot_4.png","product photoshoot of a pink skincare tube standing on white floor, pink flowers nearby, close up shot"
"product photoshoot of a pink skincare tube standing on white floor, pink flowers nearby, close up shot_5.png","product photoshoot of a pink skincare tube standing on white floor, pink flowers nearby, close up shot"
"product photoshoot of a solid gray bottle with plain cap standing on white floor, pink flowers nearby, close up shot_6.png","product photoshoot of a solid gray bottle with plain cap standing on white floor, pink flowers nearby, close up shot"
"product photoshoot of a solid gray bottle with plain cap standing on white floor, pink flowers nearby, close up shot_7.png","product photoshoot of a solid gray bottle with plain cap standing on white floor, pink flowers nearby, close up shot"
"product photoshoot of a wine bottle standing on white floor, pink flowers nearby, close up shot_8.png","product photoshoot of a wine bottle standing on white floor, pink flowers nearby, close up shot"
"product photoshoot of a wine bottle standing on white floor, pink flowers nearby, close up shot_9.png","product photoshoot of a wine bottle standing on white floor, pink flowers nearby, close up shot"
