image_file,caption
"photoshoot of a black female model wearing pink top and white pant standing on stone floor, smooth beige wall in background, distant shot_0.png","photoshoot of a black female model wearing pink top and white pant standing on stone floor, smooth beige wall in background, distant shot"
"photoshoot of a black female model wearing pink top and white pant standing on stone floor, smooth beige wall in background, distant shot_1.png","photoshoot of a black female model wearing pink top and white pant standing on stone floor, smooth beige wall in background, distant shot"
"photoshoot of a black male model wearing pink top and white pant standing on stone floor, smooth beige wall in background, distant shot_2.png","photoshoot of a black male model wearing pink top and white pant standing on stone floor, smooth beige wall in background, distant shot"
"photoshoot of a black male model wearing pink top and white pant standing on stone floor, smooth beige wall in background, distant shot_3.png","photoshoot of a black male model wearing pink top and white pant standing on stone floor, smooth beige wall in background, distant shot"
"photoshoot of a chinese female model wearing blue top and black pant standing on stone floor, smooth beige wall in background, distant shot_4.png","photoshoot of a chinese female model wearing blue top and black pant standing on stone floor, smooth beige wall in background, distant shot"
"photoshoot of a chinese male model wearing green t-shirt and black pant standing on stone floor, smooth beige wall in background, distant shot_5.png","photoshoot of a chinese male model wearing green t-shirt and black pant standing on stone floor, smooth beige wall in background, distant shot"
"photoshoot of a chinese male model wearing green t-shirt and black pant standing on stone floor, smooth beige wall in background, distant shot_6.png","photoshoot of a chinese male model wearing green t-shirt and black pant standing on stone floor, smooth beige wall in background, distant shot"
"photoshoot of a chinese male model wearing green t-shirt and black pant standing on stone floor, smooth beige wall in background, distant shot_7.png","photoshoot of a chinese male model wearing green t-shirt and black pant standing on stone floor, smooth beige wall in background, distant shot"
"photoshoot of a indian female model wearing pink kurta and black pant standing on stone floor, smooth beige wall in background, distant shot_8.png","photoshoot of a indian female model wearing pink kurta and black pant standing on stone floor, smooth beige wall in background, distant shot"
"photoshoot of a indian female model wearing pink kurta and black pant standing on stone floor, smooth beige wall in background, distant shot_9.png","photoshoot of a indian female model wearing pink kurta and black pant standing on stone floor, smooth beige wall in background, distant shot"
"photoshoot of a indian female model wearing white kurta and black pant standing on stone floor, smooth beige wall in background, distant shot_10.png","photoshoot of a indian female model wearing white kurta and black pant standing on stone floor, smooth beige wall in background, distant shot"
