image_file,caption
"product photoshoot of blue perfume bottle standing on circular window in peach color wall, orange background behind it, studio shoot_0.png","product photoshoot of blue perfume bottle standing on circular window in peach color wall, orange background behind it, studio shoot"
"product photoshoot of brown serum bottle standing on circular window in peach color wall, orange background, studio shoot_1.png","product photoshoot of brown serum bottle standing on circular window in peach color wall, orange background, studio shoot"
"product photoshoot of brown serum bottle standing on circular window in peach color wall, orange background, studio shoot_2.png","product photoshoot of brown serum bottle standing on circular window in peach color wall, orange background, studio shoot"
"product photoshoot of brown serum bottle standing on circular window in peach color wall, orange background, studio shoot_3.png","product photoshoot of brown serum bottle standing on circular window in peach color wall, orange background, studio shoot"
"product photoshoot of solid gray bottle with plain cap standing on circular window in peach color wall, orange background behind it, studio shoot_4.png","product photoshoot of solid gray bottle with plain cap standing on circular window in peach color wall, orange background behind it, studio shoot"
"product photoshoot of solid gray bottle with plain cap standing on circular window in peach color wall, orange background behind it, studio shoot_5.png","product photoshoot of solid gray bottle with plain cap standing on circular window in peach color wall, orange background behind it, studio shoot"
"product photoshoot of white jar standing on circular window in peach color wall, orange background, studio shoot_6.png","product photoshoot of white jar standing on circular window in peach color wall, orange background, studio shoot"
"product photoshoot of wine bottle standing on circular window in peach color wall, orange background, studio shoot_7.png","product photoshoot of wine bottle standing on circular window in peach color wall, orange background, studio shoot"
"product photoshoot of wine bottle standing on circular window in peach color wall, orange background, studio shoot_8.png","product photoshoot of wine bottle standing on circular window in peach color wall, orange background, studio shoot"
