image_file,caption
"product photoshoot of a black shoe standing on wooden floor, top down shot_0.png","product photoshoot of a black shoe standing on wooden floor, top down shot"
"product photoshoot of a black shoe standing on wooden floor, top down shot_1.png","product photoshoot of a black shoe standing on wooden floor, top down shot"
"product photoshoot of a black shoe standing on wooden floor, top down shot_2.png","product photoshoot of a black shoe standing on wooden floor, top down shot"
"product photoshoot of a brow shoe standing on wooden floor, top down shot_3.png","product photoshoot of a brow shoe standing on wooden floor, top down shot"
"product photoshoot of a brown shoe standing on wooden floor, top down shot_4.png","product photoshoot of a brown shoe standing on wooden floor, top down shot"
"product photoshoot of a sneaker shoe standing on wooden floor, top down shot_5.png","product photoshoot of a sneaker shoe standing on wooden floor, top down shot"
"product photoshoot of a sneaker shoe standing on wooden floor, top down shot_6.png","product photoshoot of a sneaker shoe standing on wooden floor, top down shot"
"product photoshoot of a sneaker shoe standing on wooden floor, top down shot_7.png","product photoshoot of a sneaker shoe standing on wooden floor, top down shot"
"product photoshoot of a sneaker shoe standing on wooden floor, top down shot_8.png","product photoshoot of a sneaker shoe standing on wooden floor, top down shot"
"product photoshoot of a sneaker shoe standing on wooden floor, top down shot_9.png","product photoshoot of a sneaker shoe standing on wooden floor, top down shot"
