image_file,caption
"product photoshoot of a blue perfume bottle standing on ground with few apples, solid peach color background, minimal, closeup shot_0.png","product photoshoot of a blue perfume bottle standing on ground with few apples, solid peach color background, minimal, closeup shot"
"product photoshoot of a blue perfume bottle standing on ground with few apples, solid peach color background, minimal, closeup shot_1.png","product photoshoot of a blue perfume bottle standing on ground with few apples, solid peach color background, minimal, closeup shot"
"product photoshoot of a brown serum bottle standing on ground with few apples, solid peach color background, minimal, closeup shot_2.png","product photoshoot of a brown serum bottle standing on ground with few apples, solid peach color background, minimal, closeup shot"
"product photoshoot of a brown serum bottle standing on ground with few apples, solid peach color background, minimal, closeup shot_3.png","product photoshoot of a brown serum bottle standing on ground with few apples, solid peach color background, minimal, closeup shot"
"product photoshoot of a grey bottle with plain cap standing on ground with few apples, solid peach color background, minimal, closeup shot_4.png","product photoshoot of a grey bottle with plain cap standing on ground with few apples, solid peach color background, minimal, closeup shot"
"product photoshoot of a grey bottle with plain cap standing on ground with few apples, solid peach color background, minimal, closeup shot_5.png","product photoshoot of a grey bottle with plain cap standing on ground with few apples, solid peach color background, minimal, closeup shot"
"product photoshoot of a grey bottle with plain cap standing on ground with few apples, solid peach color background, minimal, closeup shot_6.png","product photoshoot of a grey bottle with plain cap standing on ground with few apples, solid peach color background, minimal, closeup shot"
"product photoshoot of a skincare tube standing on ground with few apples, solid peach color background, minimal, closeup shot_7.png","product photoshoot of a skincare tube standing on ground with few apples, solid peach color background, minimal, closeup shot"
"product photoshoot of a skincare tube standing on ground with few apples, solid peach color background, minimal, closeup shot_8.png","product photoshoot of a skincare tube standing on ground with few apples, solid peach color background, minimal, closeup shot"
