image_file,caption
"product photoshoot of a brown serum bottle on rectangular wooden chopping board on white table, 2 fully visible sunflowers lying around it, tree leaves in background, sunlight, 4k, close up_0.png","product photoshoot of a brown serum bottle on rectangular wooden chopping board on white table, 2 fully visible sunflowers lying around it, tree leaves in background, sunlight, 4k, close up"
"product photoshoot of a jar on rectangular wooden chopping board on white table, 1 fully visible sunflower lying around it, tree leaves in background, sunlight, 4k, close up_1.png","product photoshoot of a jar on rectangular wooden chopping board on white table, 1 fully visible sunflower lying around it, tree leaves in background, sunlight, 4k, close up"
"product photoshoot of a skincare tube on rectangular wooden chopping board on white table, 1 fully visible sunflower lying around it, tree leaves in background, sunlight, 4k, close up_2.png","product photoshoot of a skincare tube on rectangular wooden chopping board on white table, 1 fully visible sunflower lying around it, tree leaves in background, sunlight, 4k, close up"
"product photoshoot of a skincare tube on rectangular wooden chopping board on white table, 1 fully visible sunflower lying around it, tree leaves in background, sunlight, 4k, close up_3.png","product photoshoot of a skincare tube on rectangular wooden chopping board on white table, 1 fully visible sunflower lying around it, tree leaves in background, sunlight, 4k, close up"
"product photoshoot of a small bottle on rectangular wooden chopping board on white table, 1 fully visible sunflower lying around it, tree leaves in background, sunlight, 4k, close up_5.png","product photoshoot of a small bottle on rectangular wooden chopping board on white table, 1 fully visible sunflower lying around it, tree leaves in background, sunlight, 4k, close up"
"product photoshoot of a small bottle on rectangular wooden chopping board on white table, 1 fully visible sunflower lying around it, tree leaves in background, sunlight, 4k, close up_6.png","product photoshoot of a small bottle on rectangular wooden chopping board on white table, 1 fully visible sunflower lying around it, tree leaves in background, sunlight, 4k, close up"
"product photoshoot of a small solid grey bottle on rectangular wooden chopping board on white table, 1 fully visible sunflower lying around it, tree leaves in background, sunlight, 4k, close up_7.png","product photoshoot of a small solid grey bottle on rectangular wooden chopping board on white table, 1 fully visible sunflower lying around it, tree leaves in background, sunlight, 4k, close up"
"product photoshoot of a small solid grey bottle on rectangular wooden chopping board on white table, 2 fully visible sunflowers lying around it, tree leaves in background, sunlight, 4k, close up_8.png","product photoshoot of a small solid grey bottle on rectangular wooden chopping board on white table, 2 fully visible sunflowers lying around it, tree leaves in background, sunlight, 4k, close up"
"product photoshoot of a white jar on rectangular wooden chopping board on white table, 1 fully visible sunflower lying around it, tree leaves in background, sunlight, 4k, close up_9.png","product photoshoot of a white jar on rectangular wooden chopping board on white table, 1 fully visible sunflower lying around it, tree leaves in background, sunlight, 4k, close up"
