image_file,caption
"product photoshoot of a single black shoe on a peach circular platform, plain peach color background_0.png","product photoshoot of a single black shoe on a peach circular platform, plain peach color background"
"product photoshoot of a single leather shoe on a peach circular platform, plain peach color background_1.png","product photoshoot of a single leather shoe on a peach circular platform, plain peach color background"
"product photoshoot of a single leather shoe on a peach circular platform, plain peach color background_2.png","product photoshoot of a single leather shoe on a peach circular platform, plain peach color background"
"product photoshoot of a single running shoe on a peach circular platform, plain peach color background_3.png","product photoshoot of a single running shoe on a peach circular platform, plain peach color background"
"product photoshoot of a single running shoe on a peach circular platform, plain peach color background_4.png","product photoshoot of a single running shoe on a peach circular platform, plain peach color background"
"product photoshoot of a single running shoe on a peach circular platform, plain peach color background_5.png","product photoshoot of a single running shoe on a peach circular platform, plain peach color background"
"product photoshoot of a single running shoe on a peach circular platform, plain peach color background_6.png","product photoshoot of a single running shoe on a peach circular platform, plain peach color background"
"product photoshoot of a single shoe on a peach circular platform, plain peach color background_7.png","product photoshoot of a single shoe on a peach circular platform, plain peach color background"
"product photoshoot of a single white sneaker shoe on a peach circular platform, plain peach color background_10.png","product photoshoot of a single white sneaker shoe on a peach circular platform, plain peach color background"
"product photoshoot of a single white sneaker shoe on a peach circular platform, plain peach color background_8.png","product photoshoot of a single white sneaker shoe on a peach circular platform, plain peach color background"
"product photoshoot of a single white sneaker shoe on a peach circular platform, plain peach color background_9.png","product photoshoot of a single white sneaker shoe on a peach circular platform, plain peach color background"
