image_file,caption
"product photoshoot of a black car standing on road, white tall mountains and blue open sky in background_0.png","product photoshoot of a black car standing on road, white tall mountains and blue open sky in background"
"product photoshoot of a black car standing on road, white tall mountains and blue open sky in background_1.png","product photoshoot of a black car standing on road, white tall mountains and blue open sky in background"
"product photoshoot of a black car standing on road, white tall mountains and blue open sky in background_2.png","product photoshoot of a black car standing on road, white tall mountains and blue open sky in background"
"product photoshoot of a black car standing on road, white tall mountains and blue open sky in background_3.png","product photoshoot of a black car standing on road, white tall mountains and blue open sky in background"
"product photoshoot of a white SUV car standing on road, white mountains and blue open sky in background_4.png","product photoshoot of a white SUV car standing on road, white mountains and blue open sky in background"
"product photoshoot of a white SUV car standing on road, white mountains and blue open sky in background_5.png","product photoshoot of a white SUV car standing on road, white mountains and blue open sky in background"
"product photoshoot of a white SUV car standing on road, white mountains and blue open sky in background_6.png","product photoshoot of a white SUV car standing on road, white mountains and blue open sky in background"
"product photoshoot of a white SUV car standing on road, white mountains and blue open sky in background_7.png","product photoshoot of a white SUV car standing on road, white mountains and blue open sky in background"
"product photoshoot of a white SUV car standing on road, white mountains and blue open sky in background_8.png","product photoshoot of a white SUV car standing on road, white mountains and blue open sky in background"
