image_file,caption
"photoshoot of a black female model wearing blue top and black pant standing on white stone floor in front of aesthetic palace setting, two finely cut green bush on both sides, distant shot_0.png","photoshoot of a black female model wearing blue top and black pant standing on white stone floor in front of aesthetic palace setting, two finely cut green bush on both sides, distant shot"
"photoshoot of a black male model wearing gray t-shirt and white pant standing on white stone floor in front of aesthetic palace setting, finely cut green bush on both sides, distant shot_1.png","photoshoot of a black male model wearing gray t-shirt and white pant standing on white stone floor in front of aesthetic palace setting, finely cut green bush on both sides, distant shot"
"photoshoot of a chinese female model wearing red top and black pant standing on white stone floor in front of aesthetic palace setting, two finely cut green bush on both sides, distant shot_2.png","photoshoot of a chinese female model wearing red top and black pant standing on white stone floor in front of aesthetic palace setting, two finely cut green bush on both sides, distant shot"
"photoshoot of a chinese female model wearing red top and black pant standing on white stone floor in front of aesthetic palace setting, two finely cut green bush on both sides, distant shot_3.png","photoshoot of a chinese female model wearing red top and black pant standing on white stone floor in front of aesthetic palace setting, two finely cut green bush on both sides, distant shot"
"photoshoot of a chinese male model wearing green t-shirt and black pant standing on white stone floor in front of aesthetic palace setting, two finely cut green bush on both sides, distant shot_4.png","photoshoot of a chinese male model wearing green t-shirt and black pant standing on white stone floor in front of aesthetic palace setting, two finely cut green bush on both sides, distant shot"
"photoshoot of a chinese male model wearing green t-shirt and black pant standing on white stone floor in front of aesthetic palace setting, two finely cut green bush on both sides, distant shot_5.png","photoshoot of a chinese male model wearing green t-shirt and black pant standing on white stone floor in front of aesthetic palace setting, two finely cut green bush on both sides, distant shot"
"photoshoot of a indian female model wearing pink kurta standing on white stone floor in front of aesthetic palace setting, finely cut green bush on both sides, distant shot_6.png","photoshoot of a indian female model wearing pink kurta standing on white stone floor in front of aesthetic palace setting, finely cut green bush on both sides, distant shot"
"photoshoot of a indian female model wearing pink kurta standing on white stone floor in front of aesthetic palace setting, finely cut green bush on both sides, distant shot_7.png","photoshoot of a indian female model wearing pink kurta standing on white stone floor in front of aesthetic palace setting, finely cut green bush on both sides, distant shot"
"photoshoot of a indian male model wearing white t-shirt and black pant standing on white stone floor in front of aesthetic palace setting, two finely cut green bush on both sides, distant shot_8.png","photoshoot of a indian male model wearing white t-shirt and black pant standing on white stone floor in front of aesthetic palace setting, two finely cut green bush on both sides, distant shot"
"photoshoot of a indian male model wearing white t-shirt and black pant standing on white stone floor in front of aesthetic palace setting, two finely cut green bush on both sides, distant shot_9.png","photoshoot of a indian male model wearing white t-shirt and black pant standing on white stone floor in front of aesthetic palace setting, two finely cut green bush on both sides, distant shot"
"photoshoot of a white male model wearing blue t-shirt and black pant standing on white stone floor in front of aesthetic palace setting, finely cut green bush on both sides, distant shot_10.png","photoshoot of a white male model wearing blue t-shirt and black pant standing on white stone floor in front of aesthetic palace setting, finely cut green bush on both sides, distant shot"
