image_file,caption
"photoshoot of a blue top, clean brick background, high quality shot_0.png","photoshoot of a blue top, clean brick background, high quality shot"
"photoshoot of a blue top, clean brick background, high quality shot_1.png","photoshoot of a blue top, clean brick background, high quality shot"
"photoshoot of a gray shirt, clean brick background, high quality shot_2.png","photoshoot of a gray shirt, clean brick background, high quality shot"
"photoshoot of a gray shirt, clean brick background, high quality shot_3.png","photoshoot of a gray shirt, clean brick background, high quality shot"
"photoshoot of a green shirt, clean brick background, high quality shot_4.png","photoshoot of a green shirt, clean brick background, high quality shot"
"photoshoot of a pink t-shirt, clean brick background, high quality shot_5.png","photoshoot of a pink t-shirt, clean brick background, high quality shot"
"photoshoot of a white t-shirt, clean brick background, high quality shot_6.png","photoshoot of a white t-shirt, clean brick background, high quality shot"
"photoshoot of a yellow t-shirt, clean brick background, high quality shot_7.png","photoshoot of a yellow t-shirt, clean brick background, high quality shot"
"photoshoot of a yellow t-shirt, clean brick background, high quality shot_8.png","photoshoot of a yellow t-shirt, clean brick background, high quality shot"
