image_file,caption
"professional photography of blue lotion bottle on a table, with a little coarse salt around, white mushroom, strawberries, clear light, focus, high detail, nikon, HD_0.png","professional photography of blue lotion bottle on a table, with a little coarse salt around, white mushroom, strawberries, clear light, focus, high detail, nikon, HD"
"professional photography of blue lotion bottle on a table, with a little coarse salt around, white mushroom, strawberries, clear light, focus, high detail, nikon, HD_1.png","professional photography of blue lotion bottle on a table, with a little coarse salt around, white mushroom, strawberries, clear light, focus, high detail, nikon, HD"
"professional photography of brown serum bottle on a table, with a little coarse salt around, white mushroom, strawberries, clear light, focus, high detail, nikon, HD_2.png","professional photography of brown serum bottle on a table, with a little coarse salt around, white mushroom, strawberries, clear light, focus, high detail, nikon, HD"
"professional photography of brown serum bottle on a table, with a little coarse salt around, white mushroom, strawberries, clear light, high detail_3.png","professional photography of brown serum bottle on a table, with a little coarse salt around, white mushroom, strawberries, clear light, high detail"
"professional photography of brown serum bottle on a table, with a little coarse salt around, white mushroom, strawberries, clear light, high detail_4.png","professional photography of brown serum bottle on a table, with a little coarse salt around, white mushroom, strawberries, clear light, high detail"
"professional photography of solid gray bottle with plain cap on a table, with a little coarse salt around, white mushroom, strawberries, clear light, focus, high detail, nikon, HD_5.png","professional photography of solid gray bottle with plain cap on a table, with a little coarse salt around, white mushroom, strawberries, clear light, focus, high detail, nikon, HD"
"professional photography of solid gray bottle with plain cap on a table, with a little coarse salt around, white mushroom, strawberries, clear light, focus, high detail, nikon, HD_6.png","professional photography of solid gray bottle with plain cap on a table, with a little coarse salt around, white mushroom, strawberries, clear light, focus, high detail, nikon, HD"
"professional photoshoot of blue perfume bottle on a table, with a little coarse salt around, white mushroom, strawberries, clear light, minimal, distant_9.png","professional photoshoot of blue perfume bottle on a table, with a little coarse salt around, white mushroom, strawberries, clear light, minimal, distant"
"professional photoshoot of blue perfume bottle on a table, with a little coarse salt around, white mushroom, strawberries, clear light, minimal_7.png","professional photoshoot of blue perfume bottle on a table, with a little coarse salt around, white mushroom, strawberries, clear light, minimal"
"professional photoshoot of blue perfume bottle on a table, with a little coarse salt around, white mushroom, strawberries, clear light, minimal_8.png","professional photoshoot of blue perfume bottle on a table, with a little coarse salt around, white mushroom, strawberries, clear light, minimal"
"professional photoshoot of wine bottle on a table, with a little coarse salt around, white mushroom, strawberries, clear light, minimal, distant_10.png","professional photoshoot of wine bottle on a table, with a little coarse salt around, white mushroom, strawberries, clear light, minimal, distant"
