image_file,caption
"photoshoot of a black female model wearing green t-shirt and black pant standing on white floor, pink curtains behind, highly detailed, distant shot_0.png","photoshoot of a black female model wearing green t-shirt and black pant standing on white floor, pink curtains behind, highly detailed, distant shot"
"photoshoot of a black female model wearing green t-shirt and black pant standing on white floor, pink curtains behind, highly detailed, distant shot_1.png","photoshoot of a black female model wearing green t-shirt and black pant standing on white floor, pink curtains behind, highly detailed, distant shot"
"photoshoot of a black male model wearing red t-shirt and black pant standing on white floor, pink curtains behind, highly detailed, distant shot_2.png","photoshoot of a black male model wearing red t-shirt and black pant standing on white floor, pink curtains behind, highly detailed, distant shot"
"photoshoot of a black male model wearing red t-shirt and black pant standing on white floor, pink curtains behind, highly detailed, distant shot_3.png","photoshoot of a black male model wearing red t-shirt and black pant standing on white floor, pink curtains behind, highly detailed, distant shot"
"photoshoot of a chinese female model wearing green top and black pant standing on white floor, pink curtains behind, highly detailed, distant shot_4.png","photoshoot of a chinese female model wearing green top and black pant standing on white floor, pink curtains behind, highly detailed, distant shot"
"photoshoot of a chinese female model wearing green top and black pant standing on white floor, pink curtains behind, highly detailed, distant shot_5.png","photoshoot of a chinese female model wearing green top and black pant standing on white floor, pink curtains behind, highly detailed, distant shot"
"photoshoot of a chinese male model wearing blue t-shirt and black pant standing on white floor, pink curtains behind, highly detailed, distant shot_6.png","photoshoot of a chinese male model wearing blue t-shirt and black pant standing on white floor, pink curtains behind, highly detailed, distant shot"
"photoshoot of a chinese male model wearing blue t-shirt and black pant standing on white floor, pink curtains behind, highly detailed, distant shot_7.png","photoshoot of a chinese male model wearing blue t-shirt and black pant standing on white floor, pink curtains behind, highly detailed, distant shot"
"photoshoot of a indian female model wearing blue kurta and white pant standing on white floor, pink curtains behind, highly detailed, distant shot_8.png","photoshoot of a indian female model wearing blue kurta and white pant standing on white floor, pink curtains behind, highly detailed, distant shot"
"photoshoot of a indian female model wearing pink kurta and white pant standing on white floor, pink curtains behind, highly detailed, distant shot_9.png","photoshoot of a indian female model wearing pink kurta and white pant standing on white floor, pink curtains behind, highly detailed, distant shot"
