image_file,caption
"product photoshoot of blue perfume bottle on brown wooden table, dark background, glow behind product, low angle shot_0.png","product photoshoot of blue perfume bottle on brown wooden table, dark background, glow behind product, low angle shot"
"product photoshoot of brown serum bottle on brown wooden table, dark background, low angle shot_2.png","product photoshoot of brown serum bottle on brown wooden table, dark background, low angle shot"
"product photoshoot of brown serum bottle on brown wooden table, dark background_1.png","product photoshoot of brown serum bottle on brown wooden table, dark background"
"product photoshoot of skincare tube on brown wooden table, dark background, glow behind product, low angle shot_3.png","product photoshoot of skincare tube on brown wooden table, dark background, glow behind product, low angle shot"
"product photoshoot of skincare tube on brown wooden table, dark background, glow behind product, low angle shot_4.png","product photoshoot of skincare tube on brown wooden table, dark background, glow behind product, low angle shot"
"product photoshoot of solid gray bottle with plain cap on brown wooden table, dark background, glow behind product, low angle shot_5.png","product photoshoot of solid gray bottle with plain cap on brown wooden table, dark background, glow behind product, low angle shot"
"product photoshoot of solid gray bottle with plain cap on brown wooden table, dark background, glow behind product, low angle shot_6.png","product photoshoot of solid gray bottle with plain cap on brown wooden table, dark background, glow behind product, low angle shot"
"product photoshoot of wine bottle on brown wooden table, dark background, glow behind product, low angle shot_7.png","product photoshoot of wine bottle on brown wooden table, dark background, glow behind product, low angle shot"
"product photoshoot of wine bottle on brown wooden table, dark background, glow behind product, low angle shot_8.png","product photoshoot of wine bottle on brown wooden table, dark background, glow behind product, low angle shot"
