image_file,caption
"product photography of a blue perfume bottle lying straight on orange studio surface, top down shot, minimal_0.png","product photography of a blue perfume bottle lying straight on orange studio surface, top down shot, minimal"
"product photography of a blue perfume bottle lying straight on orange studio surface, top down shot, minimal_1.png","product photography of a blue perfume bottle lying straight on orange studio surface, top down shot, minimal"
"product photography of a brown serum bottle lying straight on orange studio surface, top down shot, minimal_2.png","product photography of a brown serum bottle lying straight on orange studio surface, top down shot, minimal"
"product photography of a brown serum bottle lying straight on orange studio surface, top down shot, minimal_3.png","product photography of a brown serum bottle lying straight on orange studio surface, top down shot, minimal"
"product photography of a skincare tube lying on orange studio surface, top down shot, minimal_4.png","product photography of a skincare tube lying on orange studio surface, top down shot, minimal"
"product photography of a skincare tube lying on orange studio surface, top down shot, minimal_5.png","product photography of a skincare tube lying on orange studio surface, top down shot, minimal"
"product photography of a solid gray bottle with plain cap lying straight on orange studio surface, top down shot, minimal_6.png","product photography of a solid gray bottle with plain cap lying straight on orange studio surface, top down shot, minimal"
"product photography of a solid gray bottle with plain cap lying straight on orange studio surface, top down shot, minimal_7.png","product photography of a solid gray bottle with plain cap lying straight on orange studio surface, top down shot, minimal"
"product photography of a solid gray bottle with plain cap lying straight on orange studio surface, top down shot, minimal_8.png","product photography of a solid gray bottle with plain cap lying straight on orange studio surface, top down shot, minimal"
"product photography of a wine bottle lying straight on orange studio surface, top down shot, minimal_10.png","product photography of a wine bottle lying straight on orange studio surface, top down shot, minimal"
"product photography of a wine bottle lying straight on orange studio surface, top down shot, minimal_9.png","product photography of a wine bottle lying straight on orange studio surface, top down shot, minimal"
