image_file,caption
"photoshoot of a small diamond and gold chain lying on pink background, top down shot_0.png","photoshoot of a small diamond and gold chain lying on pink background, top down shot"
"photoshoot of a small diamond and gold necklace lying on pink background, top down shot_1.png","photoshoot of a small diamond and gold necklace lying on pink background, top down shot"
"photoshoot of a small diamond and gold ring lying on pink background, top down shot_2.png","photoshoot of a small diamond and gold ring lying on pink background, top down shot"
"photoshoot of a small diamond and gold ring lying on pink background, top down shot_3.png","photoshoot of a small diamond and gold ring lying on pink background, top down shot"
"photoshoot of a small diamond and gold watch lying on pink background, top down shot_4.png","photoshoot of a small diamond and gold watch lying on pink background, top down shot"
"photoshoot of a small diamond and gold watch lying on pink background, top down shot_5.png","photoshoot of a small diamond and gold watch lying on pink background, top down shot"
"photoshoot of a small diamond brooch lying on pink background, top down shot_6.png","photoshoot of a small diamond brooch lying on pink background, top down shot"
"photoshoot of a small diamond brooch lying on pink background, top down shot_7.png","photoshoot of a small diamond brooch lying on pink background, top down shot"
"photoshoot of a small emerald earring lying on pink background, top down shot_8.png","photoshoot of a small emerald earring lying on pink background, top down shot"
"photoshoot of a small emerald earrings lying on pink background, top down shot_9.png","photoshoot of a small emerald earrings lying on pink background, top down shot"
