image_file,caption
"product photoshoot of blue perfume bottle standing on smooth wooden table, dry forest in background, high details, minimal_0.png","product photoshoot of blue perfume bottle standing on smooth wooden table, dry forest in background, high details, minimal"
"product photoshoot of blue perfume bottle standing on smooth wooden table, dry forest in background, high details, minimal_1.png","product photoshoot of blue perfume bottle standing on smooth wooden table, dry forest in background, high details, minimal"
"product photoshoot of blue perfume bottle standing on smooth wooden table, dry forest in background, high details, minimal_2.png","product photoshoot of blue perfume bottle standing on smooth wooden table, dry forest in background, high details, minimal"
"product photoshoot of brown serum bottle standing on smooth wooden table, dry forest in background, close up, high details, minimal_3.png","product photoshoot of brown serum bottle standing on smooth wooden table, dry forest in background, close up, high details, minimal"
"product photoshoot of brown serum bottle standing on smooth wooden table, dry forest in background, high details, minimal_4.png","product photoshoot of brown serum bottle standing on smooth wooden table, dry forest in background, high details, minimal"
"product photoshoot of skincare tube standing on smooth wooden table, dry forest in background, high details, minimal_5.png","product photoshoot of skincare tube standing on smooth wooden table, dry forest in background, high details, minimal"
"product photoshoot of skincare tube standing on smooth wooden table, dry forest in background, high details, minimal_6.png","product photoshoot of skincare tube standing on smooth wooden table, dry forest in background, high details, minimal"
"product photoshoot of solid gray bottle standing on smooth wooden table, dry forest in background, high details, minimal_7.png","product photoshoot of solid gray bottle standing on smooth wooden table, dry forest in background, high details, minimal"
"product photoshoot of solid red bottle standing on smooth wooden table, dry forest in background, high details, minimal_8.png","product photoshoot of solid red bottle standing on smooth wooden table, dry forest in background, high details, minimal"
"product photoshoot of wine bottle standing on smooth wooden table, dry forest in background, high details, minimal_10.png","product photoshoot of wine bottle standing on smooth wooden table, dry forest in background, high details, minimal"
"product photoshoot of wine bottle standing on smooth wooden table, dry forest in background, high details, minimal_9.png","product photoshoot of wine bottle standing on smooth wooden table, dry forest in background, high details, minimal"
