image_file,caption
"product photoshoot of a single black shoe, pink, blue and yellow blast background_0.png","product photoshoot of a single black shoe, pink, blue and yellow blast background"
"product photoshoot of a single black shoe, pink, blue and yellow blast background_1.png","product photoshoot of a single black shoe, pink, blue and yellow blast background"
"product photoshoot of a single blue sneaker shoe, pink, blue and yellow blast background_2.png","product photoshoot of a single blue sneaker shoe, pink, blue and yellow blast background"
"product photoshoot of a single blue sneaker shoe, pink, blue and yellow blast background_3.png","product photoshoot of a single blue sneaker shoe, pink, blue and yellow blast background"
"product photoshoot of a single leather shoe, pink, blue and yellow blast background_4.png","product photoshoot of a single leather shoe, pink, blue and yellow blast background"
"product photoshoot of a single leather shoe, pink, blue and yellow blast background_5.png","product photoshoot of a single leather shoe, pink, blue and yellow blast background"
"product photoshoot of a single white sneaker shoe, pink, blue and yellow blast background_6.png","product photoshoot of a single white sneaker shoe, pink, blue and yellow blast background"
"product photoshoot of a single white sneaker shoe, pink, blue and yellow blast background_7.png","product photoshoot of a single white sneaker shoe, pink, blue and yellow blast background"
"product photoshoot of a single white sneaker shoe, pink, blue and yellow blast background_8.png","product photoshoot of a single white sneaker shoe, pink, blue and yellow blast background"
