image_file,caption
"photoshoot of a single small ball pen lying straight on light blue table, top down shot_0.png","photoshoot of a single small ball pen lying straight on light blue table, top down shot"
"photoshoot of a single small ink pen lying straight on light blue table, top down shot_1.png","photoshoot of a single small ink pen lying straight on light blue table, top down shot"
"photoshoot of a single small ink pen lying straight on light blue table, top down shot_2.png","photoshoot of a single small ink pen lying straight on light blue table, top down shot"
"photoshoot of a single small ink pen lying straight on light blue table, top down shot_3.png","photoshoot of a single small ink pen lying straight on light blue table, top down shot"
"photoshoot of a single small ink pen lying straight on light blue table, top down shot_4.png","photoshoot of a single small ink pen lying straight on light blue table, top down shot"
"photoshoot of a single small pen lying straight on light blue table, top down shot_5.png","photoshoot of a single small pen lying straight on light blue table, top down shot"
"photoshoot of a single small pen lying straight on light blue table, top down shot_6.png","photoshoot of a single small pen lying straight on light blue table, top down shot"
"photoshoot of a single small red ball pen lying straight on light blue table, top down shot_7.png","photoshoot of a single small red ball pen lying straight on light blue table, top down shot"
"photoshoot of a single small red ball pen lying straight on light blue table, top down shot_8.png","photoshoot of a single small red ball pen lying straight on light blue table, top down shot"
"photoshoot of a single small red ball pen lying straight on light blue table, top down shot_9.png","photoshoot of a single small red ball pen lying straight on light blue table, top down shot"
