image_file,caption
"product photoshoot of a brown serum bottle standing on a wooden table with green leaves visible on right side, plain white wall in background, minimal_0.png","product photoshoot of a brown serum bottle standing on a wooden table with green leaves visible on right side, plain white wall in background, minimal"
"product photoshoot of a brown serum bottle standing on a wooden table with green leaves visible on right side, plain white wall in background, minimal_1.png","product photoshoot of a brown serum bottle standing on a wooden table with green leaves visible on right side, plain white wall in background, minimal"
"product photoshoot of a gray bottle with plain cap standing on a wooden table with green leaves visible on right side, plain white wall in background, minimal_2.png","product photoshoot of a gray bottle with plain cap standing on a wooden table with green leaves visible on right side, plain white wall in background, minimal"
"product photoshoot of a gray bottle with plain cap standing on a wooden table with green leaves visible on right side, plain white wall in background, minimal_3.png","product photoshoot of a gray bottle with plain cap standing on a wooden table with green leaves visible on right side, plain white wall in background, minimal"
"product photoshoot of a skincare tube standing on a wooden table with green leaves visible on right side, plain white wall in background, minimal_4.png","product photoshoot of a skincare tube standing on a wooden table with green leaves visible on right side, plain white wall in background, minimal"
"product photoshoot of a skincare tube standing on a wooden table with green leaves visible on right side, plain white wall in background, minimal_5.png","product photoshoot of a skincare tube standing on a wooden table with green leaves visible on right side, plain white wall in background, minimal"
"product photoshoot of a white jar standing on a wooden table with green leaves visible on right side, plain white wall in background, minimal_6.png","product photoshoot of a white jar standing on a wooden table with green leaves visible on right side, plain white wall in background, minimal"
"product photoshoot of ablue perfume bottle standing on a wooden table with green leaves visible on right side, plain white wall in background, minimal_7.png","product photoshoot of ablue perfume bottle standing on a wooden table with green leaves visible on right side, plain white wall in background, minimal"
"product photoshoot of ablue perfume bottle standing on a wooden table with green leaves visible on right side, plain white wall in background, minimal_8.png","product photoshoot of ablue perfume bottle standing on a wooden table with green leaves visible on right side, plain white wall in background, minimal"
