image_file,caption
photoshoot of a black female model wearing pink top and black pant catwalking on fashion runway_0.png,photoshoot of a black female model wearing pink top and black pant catwalking on fashion runway
photoshoot of a black male model wearing gray t-shirt and black pant catwalking on fashion runway_1.png,photoshoot of a black male model wearing gray t-shirt and black pant catwalking on fashion runway
photoshoot of a black male model wearing gray t-shirt and black pant catwalking on fashion runway_2.png,photoshoot of a black male model wearing gray t-shirt and black pant catwalking on fashion runway
photoshoot of a chinese female model wearing blue top and black pant catwalking on fashion runway_3.png,photoshoot of a chinese female model wearing blue top and black pant catwalking on fashion runway
photoshoot of a chinese female model wearing blue top and black pant catwalking on fashion runway_4.png,photoshoot of a chinese female model wearing blue top and black pant catwalking on fashion runway
photoshoot of a chinese male model wearing green t-shirt and black pant catwalking on fashion runway_5.png,photoshoot of a chinese male model wearing green t-shirt and black pant catwalking on fashion runway
photoshoot of a indian female model wearing white kurta and black pant catwalking on fashion runway_6.png,photoshoot of a indian female model wearing white kurta and black pant catwalking on fashion runway
photoshoot of a indian female model wearing white kurta and black pant catwalking on fashion runway_7.png,photoshoot of a indian female model wearing white kurta and black pant catwalking on fashion runway
photoshoot of a indian female model wearing white kurta and black pant catwalking on fashion runway_8.png,photoshoot of a indian female model wearing white kurta and black pant catwalking on fashion runway
photoshoot of a indian female model wearing white kurta and black pant catwalking on fashion runway_9.png,photoshoot of a indian female model wearing white kurta and black pant catwalking on fashion runway
