image_file,caption
"photoshoot of a eardopes, orange and pink gradient background, high quality shot_0.png","photoshoot of a eardopes, orange and pink gradient background, high quality shot"
"photoshoot of a eardopes, orange and pink gradient background, high quality shot_1.png","photoshoot of a eardopes, orange and pink gradient background, high quality shot"
"photoshoot of a headphone, orange and pink gradient background, high quality shot_2.png","photoshoot of a headphone, orange and pink gradient background, high quality shot"
"photoshoot of a headphone, orange and pink gradient background, high quality shot_3.png","photoshoot of a headphone, orange and pink gradient background, high quality shot"
"photoshoot of a smartphone, orange and pink gradient background, high quality shot_4.png","photoshoot of a smartphone, orange and pink gradient background, high quality shot"
"photoshoot of a smartphone, orange and pink gradient background, high quality shot_5.png","photoshoot of a smartphone, orange and pink gradient background, high quality shot"
"photoshoot of a smartphone, orange and pink gradient background, high quality shot_6.png","photoshoot of a smartphone, orange and pink gradient background, high quality shot"
"photoshoot of a smartwatch, orange and pink gradient background, high quality shot_7.png","photoshoot of a smartwatch, orange and pink gradient background, high quality shot"
"photoshoot of a smartwatch, orange and pink gradient background, high quality shot_8.png","photoshoot of a smartwatch, orange and pink gradient background, high quality shot"
"photoshoot of a smartwatch, orange and pink gradient background, high quality shot_9.png","photoshoot of a smartwatch, orange and pink gradient background, high quality shot"
