image_file,caption
"photoshoot of brown sedan car standing on concrete floor, dark hills background, dawn sky_0.png","photoshoot of brown sedan car standing on concrete floor, dark hills background, dawn sky"
"photoshoot of brown sedan car standing on concrete floor, dark hills background, dawn sky_1.png","photoshoot of brown sedan car standing on concrete floor, dark hills background, dawn sky"
"photoshoot of car standing on concrete floor, dark hills background, dawn sky_2.png","photoshoot of car standing on concrete floor, dark hills background, dawn sky"
"photoshoot of car standing on concrete floor, dark hills background, dawn sky_3.png","photoshoot of car standing on concrete floor, dark hills background, dawn sky"
"photoshoot of plain white car standing on concrete floor, dark hills background, dawn sky_4.png","photoshoot of plain white car standing on concrete floor, dark hills background, dawn sky"
"photoshoot of plain white car standing on concrete floor, dark hills background, dawn sky_5.png","photoshoot of plain white car standing on concrete floor, dark hills background, dawn sky"
"photoshoot of red sports car standing on concrete floor, dark hills background, dawn sky_6.png","photoshoot of red sports car standing on concrete floor, dark hills background, dawn sky"
"photoshoot of red sports car standing on concrete floor, dark hills background, dawn sky_7.png","photoshoot of red sports car standing on concrete floor, dark hills background, dawn sky"
"photoshoot of white SUV car standing on concrete floor, dark hills background, dawn sky_8.png","photoshoot of white SUV car standing on concrete floor, dark hills background, dawn sky"
"photoshoot of white SUV car standing on concrete floor, dark hills background, dawn sky_9.png","photoshoot of white SUV car standing on concrete floor, dark hills background, dawn sky"
