image_file,caption
"product photoshoot of a black shoe on a platform on floor, close up shot, museum setting, few people visible in background_0.png","product photoshoot of a black shoe on a platform on floor, close up shot, museum setting, few people visible in background"
"product photoshoot of a black shoe on a platform on floor, close up shot, museum setting, few people visible in background_1.png","product photoshoot of a black shoe on a platform on floor, close up shot, museum setting, few people visible in background"
"product photoshoot of a blue sports shoe on a platform on floor, close up shot, museum setting, few people visible in background_2.png","product photoshoot of a blue sports shoe on a platform on floor, close up shot, museum setting, few people visible in background"
"product photoshoot of a blue sports shoe on a platform on floor, close up shot, museum setting, few people visible in background_3.png","product photoshoot of a blue sports shoe on a platform on floor, close up shot, museum setting, few people visible in background"
"product photoshoot of a blue sports shoe on a platform on floor, close up shot, museum setting, few people visible in background_4.png","product photoshoot of a blue sports shoe on a platform on floor, close up shot, museum setting, few people visible in background"
"product photoshoot of a brown shoe on a platform on floor, close up shot, museum setting, few people visible in background_5.png","product photoshoot of a brown shoe on a platform on floor, close up shot, museum setting, few people visible in background"
"product photoshoot of a brown shoe on a platform on floor, close up shot, museum setting, few people visible in background_6.png","product photoshoot of a brown shoe on a platform on floor, close up shot, museum setting, few people visible in background"
"product photoshoot of a sneaker shoe on a platform on floor, close up shot, museum setting, few people visible in background_7.png","product photoshoot of a sneaker shoe on a platform on floor, close up shot, museum setting, few people visible in background"
"product photoshoot of a sports shoe on a platform on floor, close up shot, museum setting, few people visible in background_8.png","product photoshoot of a sports shoe on a platform on floor, close up shot, museum setting, few people visible in background"
"product photoshoot of a white shoe on a platform on floor, close up shot, museum setting, few people visible in background_10.png","product photoshoot of a white shoe on a platform on floor, close up shot, museum setting, few people visible in background"
"product photoshoot of a white shoe on a platform on floor, close up shot, museum setting, few people visible in background_9.png","product photoshoot of a white shoe on a platform on floor, close up shot, museum setting, few people visible in background"
