image_file,caption
"photoshoot of a black female model wearing green top and black pant standing on white floor, few pink flowers hanging at both sides, white wall in background, highly detailed, distant shot_0.png","photoshoot of a black female model wearing green top and black pant standing on white floor, few pink flowers hanging at both sides, white wall in background, highly detailed, distant shot"
"photoshoot of a black female model wearing green top and black pant standing on white floor, few pink flowers hanging at both sides, white wall in background, highly detailed, distant shot_1.png","photoshoot of a black female model wearing green top and black pant standing on white floor, few pink flowers hanging at both sides, white wall in background, highly detailed, distant shot"
"photoshoot of a black male model wearing green t-shirt and black pant standing on white floor, few pink flowers hanging at both sides, white wall in background, highly detailed, distant shot_2.png","photoshoot of a black male model wearing green t-shirt and black pant standing on white floor, few pink flowers hanging at both sides, white wall in background, highly detailed, distant shot"
"photoshoot of a chinese female model wearing blue top and black pant standing on white floor, few pink flowers hanging at both sides, white wall in background, highly detailed, distant shot_3.png","photoshoot of a chinese female model wearing blue top and black pant standing on white floor, few pink flowers hanging at both sides, white wall in background, highly detailed, distant shot"
"photoshoot of a chinese female model wearing blue top and black pant standing on white floor, few pink flowers hanging from top, highly detailed, distant shot_4.png","photoshoot of a chinese female model wearing blue top and black pant standing on white floor, few pink flowers hanging from top, highly detailed, distant shot"
"photoshoot of a chinese male model wearing red t-shirt and black pant standing on white floor, few pink flowers hanging at both sides, white wall in background, highly detailed, distant shot_6.png","photoshoot of a chinese male model wearing red t-shirt and black pant standing on white floor, few pink flowers hanging at both sides, white wall in background, highly detailed, distant shot"
"photoshoot of a chinese male model wearing red t-shirt and black pant standing on white floor, few pink flowers hanging at both sides, white wall in background, highly detailed, distant shot_7.png","photoshoot of a chinese male model wearing red t-shirt and black pant standing on white floor, few pink flowers hanging at both sides, white wall in background, highly detailed, distant shot"
"photoshoot of a indian female model wearing pink kurta and white pant standing on white floor, pink flowers hanging at both sides, highly detailed, distant shot_8.png","photoshoot of a indian female model wearing pink kurta and white pant standing on white floor, pink flowers hanging at both sides, highly detailed, distant shot"
"photoshoot of a indian male model wearing gray t-shirt and black pant standing on white floor, few pink flowers hanging at both sides, white wall in background, highly detailed, distant shot_10.png","photoshoot of a indian male model wearing gray t-shirt and black pant standing on white floor, few pink flowers hanging at both sides, white wall in background, highly detailed, distant shot"
"photoshoot of a indian male model wearing gray t-shirt and black pant standing on white floor, few pink flowers hanging at both sides, white wall in background, highly detailed, distant shot_9.png","photoshoot of a indian male model wearing gray t-shirt and black pant standing on white floor, few pink flowers hanging at both sides, white wall in background, highly detailed, distant shot"
"photoshoot of a white female model wearing yellow top and black pant standing on white floor, few pink flowers hanging at both sides, white wall in background, highly detailed, distant shot_11.png","photoshoot of a white female model wearing yellow top and black pant standing on white floor, few pink flowers hanging at both sides, white wall in background, highly detailed, distant shot"
