image_file,caption
"a black male model wearing red t-shirt and black pant standing on wooden floor, gray studio wall in background, minimal, distant shot_0.png","a black male model wearing red t-shirt and black pant standing on wooden floor, gray studio wall in background, minimal, distant shot"
"a chinese male model wearing green t-shirt and white pant standing on wooden floor, gray studio wall in background, minimal, distant shot_1.png","a chinese male model wearing green t-shirt and white pant standing on wooden floor, gray studio wall in background, minimal, distant shot"
"a indian female model wearing pink kurta and black pant standing on wooden floor, gray wall in background, minimal, distant shot_2.png","a indian female model wearing pink kurta and black pant standing on wooden floor, gray wall in background, minimal, distant shot"
"a indian female model wearing pink kurta and black pant standing on wooden floor, gray wall in background, minimal, distant shot_3.png","a indian female model wearing pink kurta and black pant standing on wooden floor, gray wall in background, minimal, distant shot"
"a indian male model wearing blue t-shirt and black pant standing on wooden floor, gray studio wall in background, minimal, distant shot_4.png","a indian male model wearing blue t-shirt and black pant standing on wooden floor, gray studio wall in background, minimal, distant shot"
"a indian male model wearing blue t-shirt and white pant standing on wooden floor, gray studio wall in background, minimal, distant shot_5.png","a indian male model wearing blue t-shirt and white pant standing on wooden floor, gray studio wall in background, minimal, distant shot"
"a white female model wearing white top and black pant standing on wooden floor, gray wall in background, minimal, distant shot_6.png","a white female model wearing white top and black pant standing on wooden floor, gray wall in background, minimal, distant shot"
"a white female model wearing white top and black pant standing on wooden floor, gray wall in background, minimal, distant shot_7.png","a white female model wearing white top and black pant standing on wooden floor, gray wall in background, minimal, distant shot"
"a white female model wearing white top and black pant standing on wooden floor, gray wall in background, minimal, distant shot_8.png","a white female model wearing white top and black pant standing on wooden floor, gray wall in background, minimal, distant shot"
"a white male model wearing yellow t-shirt and white pant standing on wooden floor, gray studio wall in background, minimal, distant shot_10.png","a white male model wearing yellow t-shirt and white pant standing on wooden floor, gray studio wall in background, minimal, distant shot"
"a white male model wearing yellow t-shirt and white pant standing on wooden floor, gray studio wall in background, minimal, distant shot_9.png","a white male model wearing yellow t-shirt and white pant standing on wooden floor, gray studio wall in background, minimal, distant shot"
