image_file,caption
"photoshoot of a single ball pen lying straight on yellow table, black coffee mug and white small sleek keyboard near it, top down shot_0.png","photoshoot of a single ball pen lying straight on yellow table, black coffee mug and white small sleek keyboard near it, top down shot"
"photoshoot of a single ball pen lying straight on yellow table, black coffee mug and white small sleek keyboard near it, top down shot_1.png","photoshoot of a single ball pen lying straight on yellow table, black coffee mug and white small sleek keyboard near it, top down shot"
"photoshoot of a single ball pen lying straight on yellow table, black coffee mug and white small sleek keyboard near it, top down shot_2.png","photoshoot of a single ball pen lying straight on yellow table, black coffee mug and white small sleek keyboard near it, top down shot"
"photoshoot of a single ball pen lying straight on yellow table, black coffee mug and white small sleek keyboard near it, top down shot_3.png","photoshoot of a single ball pen lying straight on yellow table, black coffee mug and white small sleek keyboard near it, top down shot"
"photoshoot of a single pen lying straight on yellow table, black coffee mug and white small sleek keyboard near it, top down shot_10.png","photoshoot of a single pen lying straight on yellow table, black coffee mug and white small sleek keyboard near it, top down shot"
"photoshoot of a single pen lying straight on yellow table, black coffee mug and white small sleek keyboard near it, top down shot_4.png","photoshoot of a single pen lying straight on yellow table, black coffee mug and white small sleek keyboard near it, top down shot"
"photoshoot of a single pen lying straight on yellow table, black coffee mug and white small sleek keyboard near it, top down shot_5.png","photoshoot of a single pen lying straight on yellow table, black coffee mug and white small sleek keyboard near it, top down shot"
"photoshoot of a single pen lying straight on yellow table, black coffee mug and white small sleek keyboard near it, top down shot_6.png","photoshoot of a single pen lying straight on yellow table, black coffee mug and white small sleek keyboard near it, top down shot"
"photoshoot of a single pen lying straight on yellow table, black coffee mug and white small sleek keyboard near it, top down shot_7.png","photoshoot of a single pen lying straight on yellow table, black coffee mug and white small sleek keyboard near it, top down shot"
"photoshoot of a single pen lying straight on yellow table, black coffee mug and white small sleek keyboard near it, top down shot_8.png","photoshoot of a single pen lying straight on yellow table, black coffee mug and white small sleek keyboard near it, top down shot"
"photoshoot of a single pen lying straight on yellow table, black coffee mug and white small sleek keyboard near it, top down shot_9.png","photoshoot of a single pen lying straight on yellow table, black coffee mug and white small sleek keyboard near it, top down shot"
