image_file,caption
"photoshoot of a black male model wearing blue t-shirt and black pant standing on white floor, light pink beige venetian plaster wall in background_0.png","photoshoot of a black male model wearing blue t-shirt and black pant standing on white floor, light pink beige venetian plaster wall in background"
"photoshoot of a black male model wearing yellow t-shirt and black pant standing on white floor, light pink beige venetian plaster wall in background_1.png","photoshoot of a black male model wearing yellow t-shirt and black pant standing on white floor, light pink beige venetian plaster wall in background"
"photoshoot of a chinese female model wearing blue top and black pant standing on white floor, light pink beige venetian plaster wall in background_2.png","photoshoot of a chinese female model wearing blue top and black pant standing on white floor, light pink beige venetian plaster wall in background"
"photoshoot of a chinese female model wearing blue top and white pant standing on white floor, light pink beige venetian plaster wall in background_3.png","photoshoot of a chinese female model wearing blue top and white pant standing on white floor, light pink beige venetian plaster wall in background"
"photoshoot of a chinese male model wearing green t-shirt and black pant standing on white floor, light pink beige venetian plaster wall in background_4.png","photoshoot of a chinese male model wearing green t-shirt and black pant standing on white floor, light pink beige venetian plaster wall in background"
"photoshoot of a chinese male model wearing green t-shirt and black pant standing on white floor, light pink beige venetian plaster wall in background_5.png","photoshoot of a chinese male model wearing green t-shirt and black pant standing on white floor, light pink beige venetian plaster wall in background"
"photoshoot of a indian female model wearing pink kurta and white pant standing on white floor, light pink beige venetian plaster wall in background_6.png","photoshoot of a indian female model wearing pink kurta and white pant standing on white floor, light pink beige venetian plaster wall in background"
"photoshoot of a indian female model wearing pink kurta and white pant standing on white floor, light pink beige venetian plaster wall in background_7.png","photoshoot of a indian female model wearing pink kurta and white pant standing on white floor, light pink beige venetian plaster wall in background"
"photoshoot of a indian male model wearing yellow t-shirt and black pant standing on white floor, light pink beige venetian plaster wall in background_8.png","photoshoot of a indian male model wearing yellow t-shirt and black pant standing on white floor, light pink beige venetian plaster wall in background"
"photoshoot of a indian male model wearing yellow t-shirt and black pant standing on white floor, light pink beige venetian plaster wall in background_9.png","photoshoot of a indian male model wearing yellow t-shirt and black pant standing on white floor, light pink beige venetian plaster wall in background"
