image_file,caption
"product photoshoot of blue perfume bottle on marble platform with a half cut orange piece and some white and yellow jasmine flowers, yellow background, close up shot_0.png","product photoshoot of blue perfume bottle on marble platform with a half cut orange piece and some white and yellow jasmine flowers, yellow background, close up shot"
"product photoshoot of blue perfume bottle on marble platform with a half cut orange piece and some white and yellow jasmine flowers, yellow background, close up shot_1.png","product photoshoot of blue perfume bottle on marble platform with a half cut orange piece and some white and yellow jasmine flowers, yellow background, close up shot"
"product photoshoot of blue perfume bottle on marble platform with a half cut orange piece and some white and yellow jasmine flowers, yellow background, close up shot_2.png","product photoshoot of blue perfume bottle on marble platform with a half cut orange piece and some white and yellow jasmine flowers, yellow background, close up shot"
"product photoshoot of brown serum bottle on marble platform with a cut orange piece and some white and yellow jasmine flowers, yellow background, close up shot_3.png","product photoshoot of brown serum bottle on marble platform with a cut orange piece and some white and yellow jasmine flowers, yellow background, close up shot"
"product photoshoot of brown serum bottle on marble platform with a half cut orange piece and some white and yellow jasmine flowers, yellow background, close up shot_4.png","product photoshoot of brown serum bottle on marble platform with a half cut orange piece and some white and yellow jasmine flowers, yellow background, close up shot"
"product photoshoot of powder bottle on marble platform with a half cut orange piece and some white and yellow jasmine flowers, yellow background, close up shot_5.png","product photoshoot of powder bottle on marble platform with a half cut orange piece and some white and yellow jasmine flowers, yellow background, close up shot"
"product photoshoot of powder bottle on marble platform with a half cut orange piece and some white and yellow jasmine flowers, yellow background, close up shot_6.png","product photoshoot of powder bottle on marble platform with a half cut orange piece and some white and yellow jasmine flowers, yellow background, close up shot"
"product photoshoot of skincare tube on marble platform with a half cut orange piece and some white and yellow jasmine flowers, yellow background, close up shot_7.png","product photoshoot of skincare tube on marble platform with a half cut orange piece and some white and yellow jasmine flowers, yellow background, close up shot"
"product photoshoot of skincare tube on marble platform with a half cut orange piece and some white and yellow jasmine flowers, yellow background, close up shot_8.png","product photoshoot of skincare tube on marble platform with a half cut orange piece and some white and yellow jasmine flowers, yellow background, close up shot"
"product photoshoot of solid red water bottle with plain cap on marble platform with a half cut orange piece and some white and yellow jasmine flowers, yellow background, close up shot_10.png","product photoshoot of solid red water bottle with plain cap on marble platform with a half cut orange piece and some white and yellow jasmine flowers, yellow background, close up shot"
"product photoshoot of solid red water bottle with plain cap on marble platform with a half cut orange piece and some white and yellow jasmine flowers, yellow background, close up shot_9.png","product photoshoot of solid red water bottle with plain cap on marble platform with a half cut orange piece and some white and yellow jasmine flowers, yellow background, close up shot"
