image_file,caption
"a indian female model wearing pink kurta and black pant standing in middle of road, forest on both sides, minimal_0.png","a indian female model wearing pink kurta and black pant standing in middle of road, forest on both sides, minimal"
"photoshoot of a black male model wearing red t-shirt and white pant standing in middle of plain black road, forest on both sides, minimal, distant shot_1.png","photoshoot of a black male model wearing red t-shirt and white pant standing in middle of plain black road, forest on both sides, minimal, distant shot"
"photoshoot of a chinese female model wearing green top and black pant standing in middle of plain black road, forest on both sides, minimal, distant shot_2.png","photoshoot of a chinese female model wearing green top and black pant standing in middle of plain black road, forest on both sides, minimal, distant shot"
"photoshoot of a chinese female model wearing green top and black pant standing in middle of plain black road, forest on both sides, minimal, distant shot_3.png","photoshoot of a chinese female model wearing green top and black pant standing in middle of plain black road, forest on both sides, minimal, distant shot"
"photoshoot of a indian female model wearing pink kurta and black pant standing in middle of plain black road, forest on both sides, minimal, distant shot_4.png","photoshoot of a indian female model wearing pink kurta and black pant standing in middle of plain black road, forest on both sides, minimal, distant shot"
"photoshoot of a indian female model wearing pink kurta and black pant standing in middle of plain black road, forest on both sides, minimal, distant shot_5.png","photoshoot of a indian female model wearing pink kurta and black pant standing in middle of plain black road, forest on both sides, minimal, distant shot"
"photoshoot of a indian female model wearing pink kurta and black pant standing in middle of road, forest on both sides, minimal, distant shot_6.png","photoshoot of a indian female model wearing pink kurta and black pant standing in middle of road, forest on both sides, minimal, distant shot"
"photoshoot of a indian female model wearing pink kurta and black pant standing in middle of road, forest on both sides, minimal, distant shot_7.png","photoshoot of a indian female model wearing pink kurta and black pant standing in middle of road, forest on both sides, minimal, distant shot"
"photoshoot of a white male model wearing blue t-shirt and white pant standing in middle of plain black road, forest on both sides, minimal, distant shot_8.png","photoshoot of a white male model wearing blue t-shirt and white pant standing in middle of plain black road, forest on both sides, minimal, distant shot"
"photoshoot of a white male model wearing blue t-shirt and white pant standing in middle of plain black road, forest on both sides, minimal, distant shot_9.png","photoshoot of a white male model wearing blue t-shirt and white pant standing in middle of plain black road, forest on both sides, minimal, distant shot"
