image_file,caption
"photoshoot of black jeep car standing on grass, lawn background, clear blue sky_0.png","photoshoot of black jeep car standing on grass, lawn background, clear blue sky"
"photoshoot of black jeep car standing on grass, lawn background, clear blue sky_1.png","photoshoot of black jeep car standing on grass, lawn background, clear blue sky"
"photoshoot of blue SUV car standing on grass, lawn background, clear blue sky_2.png","photoshoot of blue SUV car standing on grass, lawn background, clear blue sky"
"photoshoot of blue SUV car standing on grass, lawn background, clear blue sky_3.png","photoshoot of blue SUV car standing on grass, lawn background, clear blue sky"
"photoshoot of brown sedan car standing on grass, lawn background, clear blue sky_4.png","photoshoot of brown sedan car standing on grass, lawn background, clear blue sky"
"photoshoot of brown sedan car standing on grass, lawn background, clear blue sky_5.png","photoshoot of brown sedan car standing on grass, lawn background, clear blue sky"
"photoshoot of car standing on grass, lawn background, clear blue sky_6.png","photoshoot of car standing on grass, lawn background, clear blue sky"
"photoshoot of car standing on grass, lawn background, clear blue sky_7.png","photoshoot of car standing on grass, lawn background, clear blue sky"
"photoshoot of car standing on grass, lawn background, clear blue sky_8.png","photoshoot of car standing on grass, lawn background, clear blue sky"
"photoshoot of white sports car standing on grass, lawn background, clear blue sky_10.png","photoshoot of white sports car standing on grass, lawn background, clear blue sky"
"photoshoot of white sports car standing on grass, lawn background, clear blue sky_9.png","photoshoot of white sports car standing on grass, lawn background, clear blue sky"
