image_file,caption
"photoshoot of a black female model wearing green top and black pant standing on stone walkway with dry leaves trees in background, autumn weather setting, high quality_0.png","photoshoot of a black female model wearing green top and black pant standing on stone walkway with dry leaves trees in background, autumn weather setting, high quality"
"photoshoot of a black female model wearing green top and black pant standing on stone walkway with dry leaves trees in background, autumn weather setting, high quality_1.png","photoshoot of a black female model wearing green top and black pant standing on stone walkway with dry leaves trees in background, autumn weather setting, high quality"
"photoshoot of a black male model wearing yellow t-shirt and black pant standing on stone walkway with dry leaves trees in background, autumn weather setting, high quality_2.png","photoshoot of a black male model wearing yellow t-shirt and black pant standing on stone walkway with dry leaves trees in background, autumn weather setting, high quality"
"photoshoot of a black male model wearing yellow t-shirt and black pant standing on stone walkway with dry leaves trees in background, autumn weather setting, high quality_3.png","photoshoot of a black male model wearing yellow t-shirt and black pant standing on stone walkway with dry leaves trees in background, autumn weather setting, high quality"
"photoshoot of a chinese female model wearing blue top and black pant standing on stone walkway with dry leaves trees in background, autumn weather setting, high quality_4.png","photoshoot of a chinese female model wearing blue top and black pant standing on stone walkway with dry leaves trees in background, autumn weather setting, high quality"
"photoshoot of a chinese female model wearing blue top and black pant standing on stone walkway with dry leaves trees in background, autumn weather setting, high quality_5.png","photoshoot of a chinese female model wearing blue top and black pant standing on stone walkway with dry leaves trees in background, autumn weather setting, high quality"
"photoshoot of a chinese male model wearing green t-shirt and black pant standing on stone walkway with dry leaves trees in background, autumn weather setting, high quality_6.png","photoshoot of a chinese male model wearing green t-shirt and black pant standing on stone walkway with dry leaves trees in background, autumn weather setting, high quality"
"photoshoot of a chinese male model wearing green t-shirt and black pant standing on stone walkway with dry leaves trees in background, autumn weather setting, high quality_7.png","photoshoot of a chinese male model wearing green t-shirt and black pant standing on stone walkway with dry leaves trees in background, autumn weather setting, high quality"
"photoshoot of a indian female model wearing pink kurta and black pant standing on stone walkway with dry leaves trees in background, autumn weather setting, high quality_8.png","photoshoot of a indian female model wearing pink kurta and black pant standing on stone walkway with dry leaves trees in background, autumn weather setting, high quality"
"photoshoot of a indian female model wearing pink kurta and black pant standing on stone walkway with dry leaves trees in background, autumn weather setting, high quality_9.png","photoshoot of a indian female model wearing pink kurta and black pant standing on stone walkway with dry leaves trees in background, autumn weather setting, high quality"
