image_file,caption
"product photoshoot of a blue perfume bottle standing on platform made of three pebbles, peach color background, minimal, front angle shot_0.png","product photoshoot of a blue perfume bottle standing on platform made of three pebbles, peach color background, minimal, front angle shot"
"product photoshoot of a blue perfume bottle standing on platform made of three pebbles, peach color background, minimal, front angle shot_1.png","product photoshoot of a blue perfume bottle standing on platform made of three pebbles, peach color background, minimal, front angle shot"
"product photoshoot of a brown serum bottle standing on platform made of three pebbles, peach color background, minimal, front angle shot_2.png","product photoshoot of a brown serum bottle standing on platform made of three pebbles, peach color background, minimal, front angle shot"
"product photoshoot of a brown serum bottle standing on platform made of three pebbles, peach color background, minimal, front angle shot_3.png","product photoshoot of a brown serum bottle standing on platform made of three pebbles, peach color background, minimal, front angle shot"
"product photoshoot of a skincare tube standing on platform made of three pebbles, peach color background, minimal, front angle shot_4.png","product photoshoot of a skincare tube standing on platform made of three pebbles, peach color background, minimal, front angle shot"
"product photoshoot of a solid gray bottle standing on platform made of three pebbles, peach color background, minimal, front angle shot_5.png","product photoshoot of a solid gray bottle standing on platform made of three pebbles, peach color background, minimal, front angle shot"
"product photoshoot of a solid gray bottle standing on platform made of three pebbles, peach color background, minimal, front angle shot_6.png","product photoshoot of a solid gray bottle standing on platform made of three pebbles, peach color background, minimal, front angle shot"
"product photoshoot of a white skincare tube standing on platform made of three pebbles, peach color background, minimal, front angle shot_7.png","product photoshoot of a white skincare tube standing on platform made of three pebbles, peach color background, minimal, front angle shot"
"product photoshoot of a wine bottle standing on platform made of three pebbles, peach color background, minimal, front angle shot_8.png","product photoshoot of a wine bottle standing on platform made of three pebbles, peach color background, minimal, front angle shot"
"product photoshoot of a wine bottle standing on platform made of three pebbles, peach color background, minimal, front angle shot_9.png","product photoshoot of a wine bottle standing on platform made of three pebbles, peach color background, minimal, front angle shot"
