image_file,caption
"fashion photoshoot of a black female model wearing pink top and white pant, standing on white floor, plain white wall with beige pampas grass vase_0.png","fashion photoshoot of a black female model wearing pink top and white pant, standing on white floor, plain white wall with beige pampas grass vase"
"fashion photoshoot of a black male model wearing green t-shirt and black pant, standing on white floor, plain white wall with beige pampas grass vase_1.png","fashion photoshoot of a black male model wearing green t-shirt and black pant, standing on white floor, plain white wall with beige pampas grass vase"
"fashion photoshoot of a chinese female model wearing blue top and black pant, standing on white floor, plain white wall with beige pampas grass vase_2.png","fashion photoshoot of a chinese female model wearing blue top and black pant, standing on white floor, plain white wall with beige pampas grass vase"
"fashion photoshoot of a chinese female model wearing blue top and black pant, standing on white floor, plain white wall with beige pampas grass vase_3.png","fashion photoshoot of a chinese female model wearing blue top and black pant, standing on white floor, plain white wall with beige pampas grass vase"
"fashion photoshoot of a chinese male model wearing yellow t-shirt and black pant, standing on white floor, plain white wall with beige pampas grass vase_4.png","fashion photoshoot of a chinese male model wearing yellow t-shirt and black pant, standing on white floor, plain white wall with beige pampas grass vase"
"fashion photoshoot of a chinese male model wearing yellow t-shirt and black pant, standing on white floor, plain white wall with beige pampas grass vase_5.png","fashion photoshoot of a chinese male model wearing yellow t-shirt and black pant, standing on white floor, plain white wall with beige pampas grass vase"
"fashion photoshoot of a indian female model wearing kurta and black pant, standing on white floor, plain white wall with beige pampas grass vase_6.png","fashion photoshoot of a indian female model wearing kurta and black pant, standing on white floor, plain white wall with beige pampas grass vase"
"fashion photoshoot of a indian female model wearing kurta and black pant, standing on white floor, plain white wall with beige pampas grass vase_7.png","fashion photoshoot of a indian female model wearing kurta and black pant, standing on white floor, plain white wall with beige pampas grass vase"
"fashion photoshoot of a indian female model wearing kurta and black pant, standing on white floor, plain white wall with beige pampas grass vase_8.png","fashion photoshoot of a indian female model wearing kurta and black pant, standing on white floor, plain white wall with beige pampas grass vase"
"fashion photoshoot of a indian female model wearing pink kurta and black pant, standing on white floor, plain white wall with beige pampas grass vase_9.png","fashion photoshoot of a indian female model wearing pink kurta and black pant, standing on white floor, plain white wall with beige pampas grass vase"
