image_file,caption
"product photoshoot of blue perfume bottle lying on studio surface, top down shot, red and black color background seperated by a line at an angle, professional, minimal_0.png","product photoshoot of blue perfume bottle lying on studio surface, top down shot, red and black color background seperated by a line at an angle, professional, minimal"
"product photoshoot of blue perfume bottle lying on studio surface, top down shot, red and black color background seperated by a line at an angle, professional, minimal_1.png","product photoshoot of blue perfume bottle lying on studio surface, top down shot, red and black color background seperated by a line at an angle, professional, minimal"
"product photoshoot of brown serum bottle lying on studio surface, top down shot, red and black color background seperated by a line at an angle, professional, minimal_2.png","product photoshoot of brown serum bottle lying on studio surface, top down shot, red and black color background seperated by a line at an angle, professional, minimal"
"product photoshoot of brown serum bottle lying on studio surface, top down shot, red and black color background seperated by a line at an angle, professional, minimal_3.png","product photoshoot of brown serum bottle lying on studio surface, top down shot, red and black color background seperated by a line at an angle, professional, minimal"
"product photoshoot of skincare tube lying straight on studio surface, top down shot, red and black color background seperated by a line at an angle, professional, minimal_4.png","product photoshoot of skincare tube lying straight on studio surface, top down shot, red and black color background seperated by a line at an angle, professional, minimal"
"product photoshoot of skincare tube lying straight on studio surface, top down shot, red and black color background seperated by a line at an angle, professional, minimal_5.png","product photoshoot of skincare tube lying straight on studio surface, top down shot, red and black color background seperated by a line at an angle, professional, minimal"
"product photoshoot of solid gray bottle lying on studio surface, top down shot, red and black color background seperated by a line at an angle, professional, minimal_6.png","product photoshoot of solid gray bottle lying on studio surface, top down shot, red and black color background seperated by a line at an angle, professional, minimal"
"product photoshoot of solid gray bottle lying on studio surface, top down shot, red and black color background seperated by a line at an angle, professional, minimal_7.png","product photoshoot of solid gray bottle lying on studio surface, top down shot, red and black color background seperated by a line at an angle, professional, minimal"
"product photoshoot of wine bottle lying on studio surface, top down shot, red and black color background seperated by a line at an angle, professional, minimal_8.png","product photoshoot of wine bottle lying on studio surface, top down shot, red and black color background seperated by a line at an angle, professional, minimal"
"product photoshoot of wine bottle lying on studio surface, top down shot, red and black color background seperated by a line at an angle, professional, minimal_9.png","product photoshoot of wine bottle lying on studio surface, top down shot, red and black color background seperated by a line at an angle, professional, minimal"
