image_file,caption
"product photoshoot of a black sports car on circular metallic platform, studio background with neon lights, front angle shot_0.png","product photoshoot of a black sports car on circular metallic platform, studio background with neon lights, front angle shot"
"product photoshoot of a black sports car on circular metallic platform, studio background with neon lights, front angle shot_1.png","product photoshoot of a black sports car on circular metallic platform, studio background with neon lights, front angle shot"
"product photoshoot of a blue simple car on circular metallic platform, studio background with neon lights, front angle shot_2.png","product photoshoot of a blue simple car on circular metallic platform, studio background with neon lights, front angle shot"
"product photoshoot of a blue simple car on circular metallic platform, studio background with neon lights, front angle shot_3.png","product photoshoot of a blue simple car on circular metallic platform, studio background with neon lights, front angle shot"
"product photoshoot of a brown hatchback car on circular metallic platform, studio background with neon lights, front angle shot_4.png","product photoshoot of a brown hatchback car on circular metallic platform, studio background with neon lights, front angle shot"
"product photoshoot of a brown hatchback car on circular metallic platform, studio background with neon lights, front angle shot_5.png","product photoshoot of a brown hatchback car on circular metallic platform, studio background with neon lights, front angle shot"
"product photoshoot of a grey SUV car on circular metallic platform, studio background with neon lights, front angle shot_6.png","product photoshoot of a grey SUV car on circular metallic platform, studio background with neon lights, front angle shot"
"product photoshoot of a grey SUV car on circular metallic platform, studio background with neon lights, front angle shot_7.png","product photoshoot of a grey SUV car on circular metallic platform, studio background with neon lights, front angle shot"
"product photoshoot of a white sedan car on circular metallic platform, studio background with neon lights, front angle shot_10.png","product photoshoot of a white sedan car on circular metallic platform, studio background with neon lights, front angle shot"
"product photoshoot of a white sedan car on circular metallic platform, studio background with neon lights, front angle shot_8.png","product photoshoot of a white sedan car on circular metallic platform, studio background with neon lights, front angle shot"
"product photoshoot of a white sedan car on circular metallic platform, studio background with neon lights, front angle shot_9.png","product photoshoot of a white sedan car on circular metallic platform, studio background with neon lights, front angle shot"
