image_file,caption
"photoshoot of black sports car standing on smooth rock platform, sea splashing behind, cityscape in far distance, blue sky_0.png","photoshoot of black sports car standing on smooth rock platform, sea splashing behind, cityscape in far distance, blue sky"
"photoshoot of black sports car standing on smooth rock platform, sea splashing behind, cityscape in far distance, blue sky_1.png","photoshoot of black sports car standing on smooth rock platform, sea splashing behind, cityscape in far distance, blue sky"
"photoshoot of blue SUV car standing on smooth rock platform, sea splashing behind, cityscape in far distance, blue sky_2.png","photoshoot of blue SUV car standing on smooth rock platform, sea splashing behind, cityscape in far distance, blue sky"
"photoshoot of blue SUV car standing on smooth rock platform, sea splashing behind, cityscape in far distance, blue sky_3.png","photoshoot of blue SUV car standing on smooth rock platform, sea splashing behind, cityscape in far distance, blue sky"
"photoshoot of blue SUV car standing on smooth rock platform, sea splashing behind, cityscape in far distance, blue sky_4.png","photoshoot of blue SUV car standing on smooth rock platform, sea splashing behind, cityscape in far distance, blue sky"
"photoshoot of brown sedan car standing on smooth rock platform, sea splashing behind, cityscape in far distance, blue sky_5.png","photoshoot of brown sedan car standing on smooth rock platform, sea splashing behind, cityscape in far distance, blue sky"
"photoshoot of brown sedan car standing on smooth rock platform, sea splashing behind, cityscape in far distance, blue sky_6.png","photoshoot of brown sedan car standing on smooth rock platform, sea splashing behind, cityscape in far distance, blue sky"
"photoshoot of gray minivan car standing on smooth rock platform, sea splashing behind, cityscape in far distance, blue sky_7.png","photoshoot of gray minivan car standing on smooth rock platform, sea splashing behind, cityscape in far distance, blue sky"
"photoshoot of gray minivan car standing on smooth rock platform, sea splashing behind, cityscape in far distance, blue sky_8.png","photoshoot of gray minivan car standing on smooth rock platform, sea splashing behind, cityscape in far distance, blue sky"
"photoshoot of white SUV car standing on smooth rock platform, sea splashing behind, cityscape in far distance, blue sky_10.png","photoshoot of white SUV car standing on smooth rock platform, sea splashing behind, cityscape in far distance, blue sky"
"photoshoot of white SUV car standing on smooth rock platform, sea splashing behind, cityscape in far distance, blue sky_9.png","photoshoot of white SUV car standing on smooth rock platform, sea splashing behind, cityscape in far distance, blue sky"
