image_file,caption
"photoshoot of a black female model wearing a green top and black pant, standing on white marble floor, living room background, minimal, 4k_0.png","photoshoot of a black female model wearing a green top and black pant, standing on white marble floor, living room background, minimal, 4k"
"photoshoot of a black female model wearing a pink top and black pant, standing on white marble floor, living room background, minimal, 4k_1.png","photoshoot of a black female model wearing a pink top and black pant, standing on white marble floor, living room background, minimal, 4k"
"photoshoot of a black male model wearing a green t-shirt and black pant, standing on white marble floor, living room background, minimal, 4k_2.png","photoshoot of a black male model wearing a green t-shirt and black pant, standing on white marble floor, living room background, minimal, 4k"
"photoshoot of a black male model wearing a yellow t-shirt and black pant, standing on white marble floor, living room background, minimal, 4k_3.png","photoshoot of a black male model wearing a yellow t-shirt and black pant, standing on white marble floor, living room background, minimal, 4k"
"photoshoot of a chinese female model wearing a blue top and black pant, standing on white marble floor, living room background, minimal, 4k_4.png","photoshoot of a chinese female model wearing a blue top and black pant, standing on white marble floor, living room background, minimal, 4k"
"photoshoot of a chinese female model wearing a blue top and black pant, standing on white marble floor, living room background, minimal, 4k_5.png","photoshoot of a chinese female model wearing a blue top and black pant, standing on white marble floor, living room background, minimal, 4k"
"photoshoot of a chinese male model wearing a red t-shirt and black pant, standing on white marble floor, living room background, minimal, 4k_6.png","photoshoot of a chinese male model wearing a red t-shirt and black pant, standing on white marble floor, living room background, minimal, 4k"
"photoshoot of a chinese male model wearing a red t-shirt and black pant, standing on white marble floor, living room background, minimal, 4k_7.png","photoshoot of a chinese male model wearing a red t-shirt and black pant, standing on white marble floor, living room background, minimal, 4k"
"photoshoot of a indian female model wearing a pink kurta and black pant, standing on white marble floor, living room background, minimal, 4k_10.png","photoshoot of a indian female model wearing a pink kurta and black pant, standing on white marble floor, living room background, minimal, 4k"
"photoshoot of a indian female model wearing a pink kurta and black pant, standing on white marble floor, living room background, minimal, 4k_8.png","photoshoot of a indian female model wearing a pink kurta and black pant, standing on white marble floor, living room background, minimal, 4k"
"photoshoot of a indian female model wearing a pink kurta and black pant, standing on white marble floor, living room background, minimal, 4k_9.png","photoshoot of a indian female model wearing a pink kurta and black pant, standing on white marble floor, living room background, minimal, 4k"
