image_file,caption
"product photoshoot of a blue perfume bottle lying straight on plain white background, round brown biscuits lying around it, close up, top down shot, minimal_0.png","product photoshoot of a blue perfume bottle lying straight on plain white background, round brown biscuits lying around it, close up, top down shot, minimal"
"product photoshoot of a blue perfume bottle lying straight on plain white background, round brown biscuits lying around it, close up, top down shot, minimal_1.png","product photoshoot of a blue perfume bottle lying straight on plain white background, round brown biscuits lying around it, close up, top down shot, minimal"
"product photoshoot of a blue perfume bottle lying straight on plain white background, round brown biscuits lying around it, close up, top down shot, minimal_2.png","product photoshoot of a blue perfume bottle lying straight on plain white background, round brown biscuits lying around it, close up, top down shot, minimal"
"product photoshoot of a brown serum bottle lying straight on plain white background, round brown biscuits lying around it, close up, top down shot, minimal_3.png","product photoshoot of a brown serum bottle lying straight on plain white background, round brown biscuits lying around it, close up, top down shot, minimal"
"product photoshoot of a brown serum bottle lying straight on white surface, round brown biscuits lying around it, close up, top down shot, minimal_4.png","product photoshoot of a brown serum bottle lying straight on white surface, round brown biscuits lying around it, close up, top down shot, minimal"
"product photoshoot of a pink skincare tube lying straight on plain white background, round brown biscuits lying around it, close up, top down shot, minimal_5.png","product photoshoot of a pink skincare tube lying straight on plain white background, round brown biscuits lying around it, close up, top down shot, minimal"
"product photoshoot of a pink skincare tube lying straight on plain white background, round brown biscuits lying around it, close up, top down shot, minimal_6.png","product photoshoot of a pink skincare tube lying straight on plain white background, round brown biscuits lying around it, close up, top down shot, minimal"
"product photoshoot of a solid gray bottle lying straight on plain white background, round brown biscuits lying around it, close up, top down shot, minimal_7.png","product photoshoot of a solid gray bottle lying straight on plain white background, round brown biscuits lying around it, close up, top down shot, minimal"
"product photoshoot of a solid gray bottle lying straight on plain white background, round brown biscuits lying around it, close up, top down shot, minimal_8.png","product photoshoot of a solid gray bottle lying straight on plain white background, round brown biscuits lying around it, close up, top down shot, minimal"
"product photoshoot of a wine bottle lying straight on plain white background, round brown biscuits lying around it, close up, top down shot, minimal_10.png","product photoshoot of a wine bottle lying straight on plain white background, round brown biscuits lying around it, close up, top down shot, minimal"
"product photoshoot of a wine bottle lying straight on plain white background, round brown biscuits lying around it, close up, top down shot, minimal_9.png","product photoshoot of a wine bottle lying straight on plain white background, round brown biscuits lying around it, close up, top down shot, minimal"
