image_file,caption
"photoshoot of ball pen kept straight on open notebook with plain white pages on a table, top down shot_0.png","photoshoot of ball pen kept straight on open notebook with plain white pages on a table, top down shot"
"photoshoot of ball pen kept straight on open notebook with plain white pages on a table, top down shot_1.png","photoshoot of ball pen kept straight on open notebook with plain white pages on a table, top down shot"
"photoshoot of ball pen kept straight on open notebook with plain white pages on a table, top down shot_2.png","photoshoot of ball pen kept straight on open notebook with plain white pages on a table, top down shot"
"photoshoot of ball pen kept straight on open notebook with plain white pages on a table, top down shot_3.png","photoshoot of ball pen kept straight on open notebook with plain white pages on a table, top down shot"
"photoshoot of ball pen kept straight on open notebook with plain white pages on a table, top down shot_4.png","photoshoot of ball pen kept straight on open notebook with plain white pages on a table, top down shot"
"photoshoot of ball pen kept straight on open notebook with plain white pages on a table, top down shot_5.png","photoshoot of ball pen kept straight on open notebook with plain white pages on a table, top down shot"
"photoshoot of blue ball pen kept straight on open notebook with plain white pages on a table, top down shot_6.png","photoshoot of blue ball pen kept straight on open notebook with plain white pages on a table, top down shot"
"photoshoot of pen kept straight on open notebook with plain white pages on a table, top down shot_7.png","photoshoot of pen kept straight on open notebook with plain white pages on a table, top down shot"
"photoshoot of pen kept straight on open notebook with plain white pages on a table, top down shot_8.png","photoshoot of pen kept straight on open notebook with plain white pages on a table, top down shot"
"photoshoot of red ball pen kept straight on open notebook with plain white pages on a table, top down shot_9.png","photoshoot of red ball pen kept straight on open notebook with plain white pages on a table, top down shot"
