image_file,caption
"photoshoot of blue SUV car standing at angle on dark rooftop, cityscape with tall buildings at distance, starry night_0.png","photoshoot of blue SUV car standing at angle on dark rooftop, cityscape with tall buildings at distance, starry night"
"photoshoot of blue SUV car standing at angle on dark rooftop, cityscape with tall buildings at distance, starry night_1.png","photoshoot of blue SUV car standing at angle on dark rooftop, cityscape with tall buildings at distance, starry night"
"photoshoot of brown sports car standing at angle on dark rooftop, cityscape with tall buildings at distance, starry night_2.png","photoshoot of brown sports car standing at angle on dark rooftop, cityscape with tall buildings at distance, starry night"
"photoshoot of brown sports car standing at angle on dark rooftop, cityscape with tall buildings at distance, starry night_3.png","photoshoot of brown sports car standing at angle on dark rooftop, cityscape with tall buildings at distance, starry night"
"photoshoot of gray minivan car standing at angle on dark rooftop, cityscape with tall buildings at distance, starry night_4.png","photoshoot of gray minivan car standing at angle on dark rooftop, cityscape with tall buildings at distance, starry night"
"photoshoot of gray minivan car standing at angle on dark rooftop, cityscape with tall buildings at distance, starry night_5.png","photoshoot of gray minivan car standing at angle on dark rooftop, cityscape with tall buildings at distance, starry night"
"photoshoot of white sedan car standing at angle on dark rooftop, cityscape with tall buildings at distance, starry night_6.png","photoshoot of white sedan car standing at angle on dark rooftop, cityscape with tall buildings at distance, starry night"
"photoshoot of white sedan car standing at angle on dark rooftop, cityscape with tall buildings at distance, starry night_7.png","photoshoot of white sedan car standing at angle on dark rooftop, cityscape with tall buildings at distance, starry night"
"photoshoot of white sports car standing at angle on dark rooftop, cityscape with tall buildings at distance, starry night_8.png","photoshoot of white sports car standing at angle on dark rooftop, cityscape with tall buildings at distance, starry night"
"photoshoot of white sports car standing at angle on dark rooftop, cityscape with tall buildings at distance, starry night_9.png","photoshoot of white sports car standing at angle on dark rooftop, cityscape with tall buildings at distance, starry night"
