image_file,caption
"product photoshoot of a black sports car standing on a highway in desert, cloudy sky in background, high angle close up shot_0.png","product photoshoot of a black sports car standing on a highway in desert, cloudy sky in background, high angle close up shot"
"product photoshoot of a black sports car standing on a highway in desert, cloudy sky in background, high angle close up shot_1.png","product photoshoot of a black sports car standing on a highway in desert, cloudy sky in background, high angle close up shot"
"product photoshoot of a brown sedan car on a highway standing at an angle, blue sky in background, close up shot, 4k_2.png","product photoshoot of a brown sedan car on a highway standing at an angle, blue sky in background, close up shot, 4k"
"product photoshoot of a brown sedan car on a highway standing at an angle, blue sky in background, close up shot, front angle shot_3.png","product photoshoot of a brown sedan car on a highway standing at an angle, blue sky in background, close up shot, front angle shot"
"product photoshoot of a brown sedan car on a highway standing at an angle, blue sky in background, close up shot, front angle shot_4.png","product photoshoot of a brown sedan car on a highway standing at an angle, blue sky in background, close up shot, front angle shot"
"product photoshoot of a grey minivan car standing on a highway in desert, blue sky in background, high angle close up shot_5.png","product photoshoot of a grey minivan car standing on a highway in desert, blue sky in background, high angle close up shot"
"product photoshoot of a plain car standing on a highway in desert, blue sky in background, high angle close up shot, front angle shot_6.png","product photoshoot of a plain car standing on a highway in desert, blue sky in background, high angle close up shot, front angle shot"
"product photoshoot of a plain car standing on a highway in desert, blue sky in background, high angle close up shot, front angle shot_7.png","product photoshoot of a plain car standing on a highway in desert, blue sky in background, high angle close up shot, front angle shot"
"product photoshoot of a white SUV car standing on a highway in desert, blue sky in background, high angle close up shot, front angle shot_9.png","product photoshoot of a white SUV car standing on a highway in desert, blue sky in background, high angle close up shot, front angle shot"
"product photoshoot of a white SUV car standing on a highway in desert, blue sky in background, high angle close up shot_8.png","product photoshoot of a white SUV car standing on a highway in desert, blue sky in background, high angle close up shot"
