image_file,caption
"photoshoot of a eardopes, dark blue background, high quality shot_0.png","photoshoot of a eardopes, dark blue background, high quality shot"
"photoshoot of a eardopes, dark blue background, high quality shot_1.png","photoshoot of a eardopes, dark blue background, high quality shot"
"photoshoot of a eardopes, dark blue background, high quality shot_2.png","photoshoot of a eardopes, dark blue background, high quality shot"
"photoshoot of a headphone, dark blue background, high quality shot_3.png","photoshoot of a headphone, dark blue background, high quality shot"
"photoshoot of a headphone, dark blue background, high quality shot_4.png","photoshoot of a headphone, dark blue background, high quality shot"
"photoshoot of a laptop, dark blue background, high quality shot_5.png","photoshoot of a laptop, dark blue background, high quality shot"
"photoshoot of a laptop, dark blue background, high quality shot_6.png","photoshoot of a laptop, dark blue background, high quality shot"
"photoshoot of a smartphone, dark blue background, high quality shot_7.png","photoshoot of a smartphone, dark blue background, high quality shot"
"photoshoot of a smartphone, dark blue background, high quality shot_8.png","photoshoot of a smartphone, dark blue background, high quality shot"
"photoshoot of a smartwatch, dark blue background, high quality shot_10.png","photoshoot of a smartwatch, dark blue background, high quality shot"
"photoshoot of a smartwatch, dark blue background, high quality shot_9.png","photoshoot of a smartwatch, dark blue background, high quality shot"
