image_file,caption
"product photoshoot of brown serum bottle, plain blue and purple color gradient studio background, close up professional_0.png","product photoshoot of brown serum bottle, plain blue and purple color gradient studio background, close up professional"
"product photoshoot of brown serum bottle, plain blue and purple color gradient studio background, close up professional_1.png","product photoshoot of brown serum bottle, plain blue and purple color gradient studio background, close up professional"
"product photoshoot of red perfume bottle, plain blue and purple color gradient studio background, close up professional_2.png","product photoshoot of red perfume bottle, plain blue and purple color gradient studio background, close up professional"
"product photoshoot of red perfume bottle, plain blue and purple color gradient studio background, close up professional_3.png","product photoshoot of red perfume bottle, plain blue and purple color gradient studio background, close up professional"
"product photoshoot of skinare tube, plain blue and purple color gradient studio background, close up professional_4.png","product photoshoot of skinare tube, plain blue and purple color gradient studio background, close up professional"
"product photoshoot of skinare tube, plain blue and purple color gradient studio background, close up professional_5.png","product photoshoot of skinare tube, plain blue and purple color gradient studio background, close up professional"
"product photoshoot of solid gray bottle, plain blue and purple color gradient studio background, close up professional_6.png","product photoshoot of solid gray bottle, plain blue and purple color gradient studio background, close up professional"
"product photoshoot of solid gray bottle, plain blue and purple color gradient studio background, close up professional_7.png","product photoshoot of solid gray bottle, plain blue and purple color gradient studio background, close up professional"
"product photoshoot of solid gray bottle, plain blue and purple color gradient studio background, close up professional_8.png","product photoshoot of solid gray bottle, plain blue and purple color gradient studio background, close up professional"
"product photoshoot of wine bottle, plain blue and purple color gradient studio background, close up professional_10.png","product photoshoot of wine bottle, plain blue and purple color gradient studio background, close up professional"
"product photoshoot of wine bottle, plain blue and purple color gradient studio background, close up professional_9.png","product photoshoot of wine bottle, plain blue and purple color gradient studio background, close up professional"
