image_file,caption
"product photoshoot of a beige purse standing on wooden circular platform, plain white background, yellow jasmine flowers around, minimal, closeup shot_0.png","product photoshoot of a beige purse standing on wooden circular platform, plain white background, yellow jasmine flowers around, minimal, closeup shot"
"product photoshoot of a beige purse standing on wooden circular platform, plain white background, yellow jasmine flowers around, minimal, closeup shot_1.png","product photoshoot of a beige purse standing on wooden circular platform, plain white background, yellow jasmine flowers around, minimal, closeup shot"
"product photoshoot of a blue perfume bottle standing on wooden circular platform, plain yellow background, white jasmine flowers around, minimal, closeup shot_2.png","product photoshoot of a blue perfume bottle standing on wooden circular platform, plain yellow background, white jasmine flowers around, minimal, closeup shot"
"product photoshoot of a blue perfume bottle standing on wooden circular platform, plain yellow background, white jasmine flowers around, minimal, closeup shot_3.png","product photoshoot of a blue perfume bottle standing on wooden circular platform, plain yellow background, white jasmine flowers around, minimal, closeup shot"
"product photoshoot of a brown serum bottle standing on wooden circular platform, plain beige background, white jasmine flowers around, minimal, closeup shot_4.png","product photoshoot of a brown serum bottle standing on wooden circular platform, plain beige background, white jasmine flowers around, minimal, closeup shot"
"product photoshoot of a brown serum bottle standing on wooden circular platform, plain light blue background, yellow jasmine flowers around, minimal, closeup shot_5.png","product photoshoot of a brown serum bottle standing on wooden circular platform, plain light blue background, yellow jasmine flowers around, minimal, closeup shot"
"product photoshoot of a brown serum bottle standing on wooden circular platform, plain light blue background, yellow jasmine flowers around, minimal, closeup shot_6.png","product photoshoot of a brown serum bottle standing on wooden circular platform, plain light blue background, yellow jasmine flowers around, minimal, closeup shot"
"product photoshoot of a brown serum bottle standing on wooden circular platform, plain pallete green background, purple jasmine flowers around, minimal, closeup shot_7.png","product photoshoot of a brown serum bottle standing on wooden circular platform, plain pallete green background, purple jasmine flowers around, minimal, closeup shot"
"product photoshoot of a brown serum bottle standing on wooden circular platform, plain pink background, purple jasmine flowers around, minimal, closeup shot_8.png","product photoshoot of a brown serum bottle standing on wooden circular platform, plain pink background, purple jasmine flowers around, minimal, closeup shot"
"product photoshoot of a grey bottle with plain cap standing on wooden circular platform, plain beige background, white jasmine flowers around, minimal, closeup shot_9.png","product photoshoot of a grey bottle with plain cap standing on wooden circular platform, plain beige background, white jasmine flowers around, minimal, closeup shot"
"product photoshoot of a grey bottle with plain cap standing on wooden circular platform, plain green background, white jasmine flowers around, minimal, closeup shot_10.png","product photoshoot of a grey bottle with plain cap standing on wooden circular platform, plain green background, white jasmine flowers around, minimal, closeup shot"
"product photoshoot of a grey bottle with plain cap standing on wooden circular platform, plain green background, white jasmine flowers around, minimal, closeup shot_11.png","product photoshoot of a grey bottle with plain cap standing on wooden circular platform, plain green background, white jasmine flowers around, minimal, closeup shot"
"product photoshoot of a grey bottle with plain cap standing on wooden circular platform, plain pallete green background, purple jasmine flowers around, minimal, closeup shot_12.png","product photoshoot of a grey bottle with plain cap standing on wooden circular platform, plain pallete green background, purple jasmine flowers around, minimal, closeup shot"
"product photoshoot of a grey bottle with plain cap standing on wooden circular platform, plain pink background, purple jasmine flowers around, minimal, closeup shot_13.png","product photoshoot of a grey bottle with plain cap standing on wooden circular platform, plain pink background, purple jasmine flowers around, minimal, closeup shot"
"product photoshoot of a grey bottle with plain cap standing on wooden circular platform, plain white background, purple jasmine flowers around, minimal, closeup shot_14.png","product photoshoot of a grey bottle with plain cap standing on wooden circular platform, plain white background, purple jasmine flowers around, minimal, closeup shot"
"product photoshoot of a ladies purse standing on wooden circular platform, plain pallete green background, purple jasmine flowers around, minimal, closeup shot_15.png","product photoshoot of a ladies purse standing on wooden circular platform, plain pallete green background, purple jasmine flowers around, minimal, closeup shot"
"product photoshoot of a ladies purse standing on wooden circular platform, plain pallete green background, purple jasmine flowers around, minimal, closeup shot_16.png","product photoshoot of a ladies purse standing on wooden circular platform, plain pallete green background, purple jasmine flowers around, minimal, closeup shot"
"product photoshoot of a ladies purse standing on wooden circular platform, plain pink background, purple jasmine flowers around, minimal, closeup shot_17.png","product photoshoot of a ladies purse standing on wooden circular platform, plain pink background, purple jasmine flowers around, minimal, closeup shot"
"product photoshoot of a ladies purse standing on wooden circular platform, plain white background, purple jasmine flowers around, minimal, closeup shot_18.png","product photoshoot of a ladies purse standing on wooden circular platform, plain white background, purple jasmine flowers around, minimal, closeup shot"
"product photoshoot of a skincare tube standing on wooden circular platform, plain beige background, white jasmine flowers around, minimal, closeup shot_19.png","product photoshoot of a skincare tube standing on wooden circular platform, plain beige background, white jasmine flowers around, minimal, closeup shot"
"product photoshoot of a skincare tube standing on wooden circular platform, plain pink background, purple jasmine flowers around, minimal, closeup shot_20.png","product photoshoot of a skincare tube standing on wooden circular platform, plain pink background, purple jasmine flowers around, minimal, closeup shot"
"product photoshoot of a skincare tube standing on wooden circular platform, plain white background, purple jasmine flowers around, minimal, closeup shot_21.png","product photoshoot of a skincare tube standing on wooden circular platform, plain white background, purple jasmine flowers around, minimal, closeup shot"
"product photoshoot of a skincare tube standing on wooden circular platform, plain white background, purple jasmine flowers around, minimal, closeup shot_22.png","product photoshoot of a skincare tube standing on wooden circular platform, plain white background, purple jasmine flowers around, minimal, closeup shot"
"product photoshoot of a skincare tube standing on wooden circular platform, plain white background, purple jasmine flowers around, minimal, closeup shot_23.png","product photoshoot of a skincare tube standing on wooden circular platform, plain white background, purple jasmine flowers around, minimal, closeup shot"
"product photoshoot of a skincare tube standing on wooden circular platform, plain white background, purple jasmine flowers around, minimal, closeup shot_24.png","product photoshoot of a skincare tube standing on wooden circular platform, plain white background, purple jasmine flowers around, minimal, closeup shot"
