image_file,caption
"product photoshoot of a black car standing on snow, front facing, white snowy background_0.png","product photoshoot of a black car standing on snow, front facing, white snowy background"
"product photoshoot of a black car standing on snow, front facing, white snowy background_1.png","product photoshoot of a black car standing on snow, front facing, white snowy background"
"product photoshoot of a blue car standing on snow front facing, white snowy background_2.png","product photoshoot of a blue car standing on snow front facing, white snowy background"
"product photoshoot of a blue car standing on snow front facing, white snowy background_3.png","product photoshoot of a blue car standing on snow front facing, white snowy background"
"product photoshoot of a brown sedan car standing on snow front facing, white snowy background_4.png","product photoshoot of a brown sedan car standing on snow front facing, white snowy background"
"product photoshoot of a brown sedan car standing on snow front facing, white snowy background_5.png","product photoshoot of a brown sedan car standing on snow front facing, white snowy background"
"product photoshoot of a gray SUV car standing on snow, front facing, white snowy background_6.png","product photoshoot of a gray SUV car standing on snow, front facing, white snowy background"
"product photoshoot of a gray SUV car standing on snow, front facing, white snowy background_7.png","product photoshoot of a gray SUV car standing on snow, front facing, white snowy background"
"product photoshoot of a red car standing on snow, front facing, white snowy background_9.png","product photoshoot of a red car standing on snow, front facing, white snowy background"
