image_file,caption
"product photoshoot of a brown serum bottle standing on ground, solid peach color background, sliced apples lying behind it, minimal, closeup shot_0.png","product photoshoot of a brown serum bottle standing on ground, solid peach color background, sliced apples lying behind it, minimal, closeup shot"
"product photoshoot of a brown serum bottle standing on ground, solid peach color background, sliced apples lying behind it, minimal, closeup shot_1.png","product photoshoot of a brown serum bottle standing on ground, solid peach color background, sliced apples lying behind it, minimal, closeup shot"
"product photoshoot of a solid grey bottle with plain cap, solid peach color background, sliced apples behind it, minimal, closeup shot_2.png","product photoshoot of a solid grey bottle with plain cap, solid peach color background, sliced apples behind it, minimal, closeup shot"
"product photoshoot of a solid grey bottle with plain cap, solid peach color background, sliced apples behind it, minimal, closeup shot_3.png","product photoshoot of a solid grey bottle with plain cap, solid peach color background, sliced apples behind it, minimal, closeup shot"
"product photoshoot of a white skincare tube standing on ground, solid peach color background, sliced apples lying behind it, minimal, closeup shot_4.png","product photoshoot of a white skincare tube standing on ground, solid peach color background, sliced apples lying behind it, minimal, closeup shot"
"product photoshoot of a white skincare tube standing on ground, solid peach color background, sliced apples lying behind it, minimal, closeup shot_5.png","product photoshoot of a white skincare tube standing on ground, solid peach color background, sliced apples lying behind it, minimal, closeup shot"
"product photoshoot of a white skincare tube standing on ground, solid peach color background, sliced apples lying behind it, minimal, closeup shot_6.png","product photoshoot of a white skincare tube standing on ground, solid peach color background, sliced apples lying behind it, minimal, closeup shot"
"product photoshoot of a wine bottle standing on ground, solid peach color background, sliced apples lying behind it, minimal, closeup shot_7.png","product photoshoot of a wine bottle standing on ground, solid peach color background, sliced apples lying behind it, minimal, closeup shot"
"product photoshoot of a wine bottle standing on ground, solid peach color background, sliced apples lying behind it, minimal, closeup shot_8.png","product photoshoot of a wine bottle standing on ground, solid peach color background, sliced apples lying behind it, minimal, closeup shot"
