image_file,caption
"product photoshoot of a single blue sneaker shoe on dark floor, colorful dark studio background_0.png","product photoshoot of a single blue sneaker shoe on dark floor, colorful dark studio background"
"product photoshoot of a single blue sneaker shoe on dark floor, colorful dark studio background_1.png","product photoshoot of a single blue sneaker shoe on dark floor, colorful dark studio background"
"product photoshoot of a single leather shoe on dark floor, colorful dark studio background_2.png","product photoshoot of a single leather shoe on dark floor, colorful dark studio background"
"product photoshoot of a single shoe on dark floor, colorful dark studio background_3.png","product photoshoot of a single shoe on dark floor, colorful dark studio background"
"product photoshoot of a single shoe on dark floor, colorful dark studio background_4.png","product photoshoot of a single shoe on dark floor, colorful dark studio background"
"product photoshoot of a single sports shoe on dark floor, colorful dark studio background_5.png","product photoshoot of a single sports shoe on dark floor, colorful dark studio background"
"product photoshoot of a single sports shoe on dark floor, colorful dark studio background_6.png","product photoshoot of a single sports shoe on dark floor, colorful dark studio background"
"product photoshoot of a single sports shoe on dark floor, colorful dark studio background_7.png","product photoshoot of a single sports shoe on dark floor, colorful dark studio background"
"product photoshoot of a single white sneaker shoe on dark floor, colorful dark studio background_8.png","product photoshoot of a single white sneaker shoe on dark floor, colorful dark studio background"
"product photoshoot of a single white sneaker shoe on dark floor, colorful dark studio background_9.png","product photoshoot of a single white sneaker shoe on dark floor, colorful dark studio background"
