image_file,caption
"product photoshoot of blue perfume bottle standing on cube white platform on plain white floor, plain peach background, minimal_0.png","product photoshoot of blue perfume bottle standing on cube white platform on plain white floor, plain peach background, minimal"
"product photoshoot of blue perfume bottle standing on cube white platform on white floor, plain yellow background, minimal_1.png","product photoshoot of blue perfume bottle standing on cube white platform on white floor, plain yellow background, minimal"
"product photoshoot of blue perfume bottle standing on cube white platform on white floor, plain yellow background, minimal_2.png","product photoshoot of blue perfume bottle standing on cube white platform on white floor, plain yellow background, minimal"
"product photoshoot of brown serum bottle standing on cube white circular platform on plain white floor, plain light blue background, minimal_3.png","product photoshoot of brown serum bottle standing on cube white circular platform on plain white floor, plain light blue background, minimal"
"product photoshoot of brown serum bottle standing on cube white circular platform on plain white floor, plain light blue background, minimal_4.png","product photoshoot of brown serum bottle standing on cube white circular platform on plain white floor, plain light blue background, minimal"
"product photoshoot of brown serum bottle standing on cube white platform on plain white floor, plain peach background, minimal_5.png","product photoshoot of brown serum bottle standing on cube white platform on plain white floor, plain peach background, minimal"
"product photoshoot of orange skincare tube standing on cube white platform on plain white floor, plain yellow background, minimal_6.png","product photoshoot of orange skincare tube standing on cube white platform on plain white floor, plain yellow background, minimal"
"product photoshoot of orange skincare tube standing on cube white platform on plain white floor, plain yellow background, minimal_7.png","product photoshoot of orange skincare tube standing on cube white platform on plain white floor, plain yellow background, minimal"
"product photoshoot of serum bottle standing on cube white platform on white floor, plain yellow background, minimal_8.png","product photoshoot of serum bottle standing on cube white platform on white floor, plain yellow background, minimal"
"product photoshoot of skincare tube standing on cube white circular platform on plain white floor, plain light blue background, minimal_10.png","product photoshoot of skincare tube standing on cube white circular platform on plain white floor, plain light blue background, minimal"
"product photoshoot of skincare tube standing on cube white circular platform on plain white floor, plain light blue background, minimal_9.png","product photoshoot of skincare tube standing on cube white circular platform on plain white floor, plain light blue background, minimal"
"product photoshoot of small bottle with plain cap standing on cube white platform on plain white floor, plain peach background, minimal_11.png","product photoshoot of small bottle with plain cap standing on cube white platform on plain white floor, plain peach background, minimal"
"product photoshoot of small bottle with plain cap standing on cube white platform on plain white floor, plain peach background, minimal_12.png","product photoshoot of small bottle with plain cap standing on cube white platform on plain white floor, plain peach background, minimal"
"product photoshoot of small grey color lady purse standing on cube white platform on plain white floor, plain peach background, minimal_13.png","product photoshoot of small grey color lady purse standing on cube white platform on plain white floor, plain peach background, minimal"
"product photoshoot of small grey color lady purse standing on cube white platform on plain white floor, plain peach background, minimal_14.png","product photoshoot of small grey color lady purse standing on cube white platform on plain white floor, plain peach background, minimal"
"product photoshoot of solid grey water bottle with plain cap standing on cube white platform on white floor, plain yellow background, minimal_15.png","product photoshoot of solid grey water bottle with plain cap standing on cube white platform on white floor, plain yellow background, minimal"
"product photoshoot of stain steel bottle standing on cube white circular platform on plain white floor, plain light blue background, minimal_16.png","product photoshoot of stain steel bottle standing on cube white circular platform on plain white floor, plain light blue background, minimal"
