image_file,caption
"product photoshoot of a bagpack kept on brown wooden platform, brown wooden background, warm light, close up shot, front angle shot_0.png","product photoshoot of a bagpack kept on brown wooden platform, brown wooden background, warm light, close up shot, front angle shot"
"product photoshoot of a blue perfume bottle kept on brown wooden platform, brown wooden wall background, warm light, close up shot, front angle shot_1.png","product photoshoot of a blue perfume bottle kept on brown wooden platform, brown wooden wall background, warm light, close up shot, front angle shot"
"product photoshoot of a blue perfume bottle kept on brown wooden platform, brown wooden wall background, warm light, close up shot, front angle shot_2.png","product photoshoot of a blue perfume bottle kept on brown wooden platform, brown wooden wall background, warm light, close up shot, front angle shot"
"product photoshoot of a grey bottle kept on brown wooden platform, brown wooden wall background, warm light, close up shot, front angle shot_3.png","product photoshoot of a grey bottle kept on brown wooden platform, brown wooden wall background, warm light, close up shot, front angle shot"
"product photoshoot of a purse kept on brown wooden platform, brown wooden background, warm light, close up shot, front angle shot_4.png","product photoshoot of a purse kept on brown wooden platform, brown wooden background, warm light, close up shot, front angle shot"
"product photoshoot of a white ladies purse kept on brown wooden platform, brown wooden wall background, warm light, close up shot, front angle shot_5.png","product photoshoot of a white ladies purse kept on brown wooden platform, brown wooden wall background, warm light, close up shot, front angle shot"
"product photoshoot of a white ladies purse kept on brown wooden platform, brown wooden wall background, warm light, close up shot, front angle shot_6.png","product photoshoot of a white ladies purse kept on brown wooden platform, brown wooden wall background, warm light, close up shot, front angle shot"
"product photoshoot of a yellow bagpack kept on brown wooden platform, brown wooden wall background, warm light, close up shot, front angle shot_7.png","product photoshoot of a yellow bagpack kept on brown wooden platform, brown wooden wall background, warm light, close up shot, front angle shot"
