image_file,caption
"produt photoshoot of a chair standing on clean white floor, light background with white curtains and a plant in background_0.png","produt photoshoot of a chair standing on clean white floor, light background with white curtains and a plant in background"
"produt photoshoot of a chair standing on clean white floor, light background with white curtains and a plant in background_1.png","produt photoshoot of a chair standing on clean white floor, light background with white curtains and a plant in background"
"produt photoshoot of a chair standing on clean white floor, light background with white curtains and a plant in background_2.png","produt photoshoot of a chair standing on clean white floor, light background with white curtains and a plant in background"
"produt photoshoot of a office chair standing on clean white floor, light background with white curtains and a plant in background_3.png","produt photoshoot of a office chair standing on clean white floor, light background with white curtains and a plant in background"
"produt photoshoot of a office chair standing on clean white floor, light background with white curtains and a plant in background_4.png","produt photoshoot of a office chair standing on clean white floor, light background with white curtains and a plant in background"
"produt photoshoot of a small sofa standing on clean white floor, light background with white curtains and a plant in background_5.png","produt photoshoot of a small sofa standing on clean white floor, light background with white curtains and a plant in background"
"produt photoshoot of a small sofa standing on clean white floor, light background with white curtains and a plant in background_6.png","produt photoshoot of a small sofa standing on clean white floor, light background with white curtains and a plant in background"
"produt photoshoot of a small sofa standing on clean white floor, light background with white curtains and a plant in background_7.png","produt photoshoot of a small sofa standing on clean white floor, light background with white curtains and a plant in background"
"produt photoshoot of a small table standing on clean white floor, light background with white curtains and a plant in background_8.png","produt photoshoot of a small table standing on clean white floor, light background with white curtains and a plant in background"
"produt photoshoot of a small table standing on clean white floor, light background with white curtains and a plant in background_9.png","produt photoshoot of a small table standing on clean white floor, light background with white curtains and a plant in background"
"produt photoshoot of a white table fan stnading on clean white floor, light background with white curtains and a plant in background_10.png","produt photoshoot of a white table fan stnading on clean white floor, light background with white curtains and a plant in background"
