image_file,caption
"closeup, A brown serum bottle on a beach surrounded by fireflies, blue ocean in background_0.png","closeup, A brown serum bottle on a beach surrounded by fireflies, blue ocean in background"
"closeup, A brown serum bottle on sand on a beach surrounded by miniature butterflies and fireflies, blue ocean in background_1.png","closeup, A brown serum bottle on sand on a beach surrounded by miniature butterflies and fireflies, blue ocean in background"
"closeup, A pink skincare tube on sand on a beach surrounded by miniature butterflies and fireflies, blue ocean in background_2.png","closeup, A pink skincare tube on sand on a beach surrounded by miniature butterflies and fireflies, blue ocean in background"
"closeup, A pink skincare tube on sand on a beach surrounded by miniature butterflies and fireflies, blue ocean in background_3.png","closeup, A pink skincare tube on sand on a beach surrounded by miniature butterflies and fireflies, blue ocean in background"
"closeup, A solid red bottle with plain cap standing on sand on a beach surrounded by miniature butterflies and fireflies, blue ocean in background_4.png","closeup, A solid red bottle with plain cap standing on sand on a beach surrounded by miniature butterflies and fireflies, blue ocean in background"
"closeup, A solid red bottle with plain cap standing on sand on a beach surrounded by miniature butterflies and fireflies, blue ocean in background_5.png","closeup, A solid red bottle with plain cap standing on sand on a beach surrounded by miniature butterflies and fireflies, blue ocean in background"
"closeup, A wine bottle on sand on a beach surrounded by miniature butterflies and fireflies, blue ocean in background_6.png","closeup, A wine bottle on sand on a beach surrounded by miniature butterflies and fireflies, blue ocean in background"
"closeup, A yellow shampoo bottle on sand on a beach surrounded by miniature butterflies and fireflies, blue ocean in background_7.png","closeup, A yellow shampoo bottle on sand on a beach surrounded by miniature butterflies and fireflies, blue ocean in background"
"closeup, A yellow shampoo bottle on sand on a beach surrounded by miniature butterflies and fireflies, blue ocean in background_8.png","closeup, A yellow shampoo bottle on sand on a beach surrounded by miniature butterflies and fireflies, blue ocean in background"
"closeup, A yellow shampoo bottle on sand on a beach surrounded by miniature butterflies and fireflies, blue ocean in background_9.png","closeup, A yellow shampoo bottle on sand on a beach surrounded by miniature butterflies and fireflies, blue ocean in background"
