image_file,caption
"product photoshoot of a blue perfume bottle lying straight on beige background, coffee beans lying around it, close up, top down shot, minimal_0.png","product photoshoot of a blue perfume bottle lying straight on beige background, coffee beans lying around it, close up, top down shot, minimal"
"product photoshoot of a blue perfume bottle lying straight on beige background, coffee beans lying around it, close up, top down shot, minimal_1.png","product photoshoot of a blue perfume bottle lying straight on beige background, coffee beans lying around it, close up, top down shot, minimal"
"product photoshoot of a brown serum bottle lying straight on beige background, coffee beans lying around it, close up, top down shot, minimal_2.png","product photoshoot of a brown serum bottle lying straight on beige background, coffee beans lying around it, close up, top down shot, minimal"
"product photoshoot of a brown serum bottle lying straight on table, coffee beans lying around it, close up, top down shot, minimal_3.png","product photoshoot of a brown serum bottle lying straight on table, coffee beans lying around it, close up, top down shot, minimal"
"product photoshoot of a pink skincare tube lying straight on beige background, coffee beans lying around it, close up, top down shot, minimal_4.png","product photoshoot of a pink skincare tube lying straight on beige background, coffee beans lying around it, close up, top down shot, minimal"
"product photoshoot of a pink skincare tube lying straight on beige background, several coffee beans lying around it, close up, top down shot, minimal_5.png","product photoshoot of a pink skincare tube lying straight on beige background, several coffee beans lying around it, close up, top down shot, minimal"
"product photoshoot of a solid gray bottle with plain cap lying straight on beige background, coffee beans lying around it, close up, top down shot, minimal_6.png","product photoshoot of a solid gray bottle with plain cap lying straight on beige background, coffee beans lying around it, close up, top down shot, minimal"
"product photoshoot of a solid gray bottle with plain cap lying straight on beige background, coffee beans lying around it, close up, top down shot, minimal_7.png","product photoshoot of a solid gray bottle with plain cap lying straight on beige background, coffee beans lying around it, close up, top down shot, minimal"
"product photoshoot of a wine bottle lying straight on beige background, coffee beans lying around it, close up, top down shot, minimal_8.png","product photoshoot of a wine bottle lying straight on beige background, coffee beans lying around it, close up, top down shot, minimal"
"product photoshoot of a wine bottle lying straight on beige background, coffee beans lying around it, close up, top down shot, minimal_9.png","product photoshoot of a wine bottle lying straight on beige background, coffee beans lying around it, close up, top down shot, minimal"
