image_file,caption
"product photoshoot of brown serum bottle standing on cube blue glass platform on plain white floor, plain blue glowing background, minimal_0.png","product photoshoot of brown serum bottle standing on cube blue glass platform on plain white floor, plain blue glowing background, minimal"
"product photoshoot of brown serum bottle standing on cube blue glass platform on plain white floor, plain blue glowing background, minimal_1.png","product photoshoot of brown serum bottle standing on cube blue glass platform on plain white floor, plain blue glowing background, minimal"
"product photoshoot of brown serum bottle standing on cube olive green glass platform on plain white floor, plain green glowing background, minimal_2.png","product photoshoot of brown serum bottle standing on cube olive green glass platform on plain white floor, plain green glowing background, minimal"
"product photoshoot of brown serum bottle standing on cube olive green glass platform on plain white floor, plain green glowing background, minimal_3.png","product photoshoot of brown serum bottle standing on cube olive green glass platform on plain white floor, plain green glowing background, minimal"
"product photoshoot of brown serum bottle standing on cube pink glass transparent platform on plain white floor, plain pink glowing background, minimal_4.png","product photoshoot of brown serum bottle standing on cube pink glass transparent platform on plain white floor, plain pink glowing background, minimal"
"product photoshoot of ladies purse standing on cube pink glass transparent platform on plain white floor, plain pink glowing background, minimal_5.png","product photoshoot of ladies purse standing on cube pink glass transparent platform on plain white floor, plain pink glowing background, minimal"
"product photoshoot of skincare tube standing on cube olive green glass platform on plain white floor, plain green glowing background, minimal_6.png","product photoshoot of skincare tube standing on cube olive green glass platform on plain white floor, plain green glowing background, minimal"
"product photoshoot of skincare tube standing on cube olive green glass platform on plain white floor, plain green glowing background, minimal_7.png","product photoshoot of skincare tube standing on cube olive green glass platform on plain white floor, plain green glowing background, minimal"
"product photoshoot of skincare tube standing on cube pink glass transparent platform on plain white floor, plain pink glowing background, minimal_8.png","product photoshoot of skincare tube standing on cube pink glass transparent platform on plain white floor, plain pink glowing background, minimal"
"product photoshoot of solid brown water bottle with plain cap standing on cube olive green glass platform on plain white floor, plain green glowing background, minimal_10.png","product photoshoot of solid brown water bottle with plain cap standing on cube olive green glass platform on plain white floor, plain green glowing background, minimal"
"product photoshoot of solid brown water bottle with plain cap standing on cube olive green glass platform on plain white floor, plain green glowing background, minimal_9.png","product photoshoot of solid brown water bottle with plain cap standing on cube olive green glass platform on plain white floor, plain green glowing background, minimal"
"product photoshoot of solid red bottle standing on cube blue glass transparent platform on plain white floor, plain blue glowing background, minimal_11.png","product photoshoot of solid red bottle standing on cube blue glass transparent platform on plain white floor, plain blue glowing background, minimal"
"product photoshoot of solid red bottle with plain cap standing on cube blue glass transparent platform on plain white floor, plain blue glowing background, minimal_12.png","product photoshoot of solid red bottle with plain cap standing on cube blue glass transparent platform on plain white floor, plain blue glowing background, minimal"
"product photoshoot of solid red bottle with plain cap standing on cube blue glass transparent platform on plain white floor, plain blue glowing background, minimal_13.png","product photoshoot of solid red bottle with plain cap standing on cube blue glass transparent platform on plain white floor, plain blue glowing background, minimal"
"product photoshoot of white lady purse standing on cube blue glass platform on plain white floor, plain blue glowing background, minimal_14.png","product photoshoot of white lady purse standing on cube blue glass platform on plain white floor, plain blue glowing background, minimal"
"product photoshoot of white lady purse standing on cube olive green glass platform on plain white floor, plain green glowing background, minimal_15.png","product photoshoot of white lady purse standing on cube olive green glass platform on plain white floor, plain green glowing background, minimal"
"product photoshoot of white lady purse standing on cube olive green glass platform on plain white floor, plain green glowing background, minimal_16.png","product photoshoot of white lady purse standing on cube olive green glass platform on plain white floor, plain green glowing background, minimal"
