image_file,caption
"product photoshoot of a brown hatchback car on circular metallic platform, grey background, grey floor, front angle shot_0.png","product photoshoot of a brown hatchback car on circular metallic platform, grey background, grey floor, front angle shot"
"product photoshoot of a brown hatchback car on circular metallic platform, grey background, grey floor, front angle shot_1.png","product photoshoot of a brown hatchback car on circular metallic platform, grey background, grey floor, front angle shot"
"product photoshoot of a brown minivan car on circular metallic platform, grey background, grey floor, front angle shot_2.png","product photoshoot of a brown minivan car on circular metallic platform, grey background, grey floor, front angle shot"
"product photoshoot of a brown minivan car on circular metallic platform, grey background, grey floor, front angle shot_3.png","product photoshoot of a brown minivan car on circular metallic platform, grey background, grey floor, front angle shot"
"product photoshoot of a brown sedan car on circular metallic platform, grey background, grey floor, front angle shot_4.png","product photoshoot of a brown sedan car on circular metallic platform, grey background, grey floor, front angle shot"
"product photoshoot of a brown sedan car on circular metallic platform, grey background, grey floor, front angle shot_5.png","product photoshoot of a brown sedan car on circular metallic platform, grey background, grey floor, front angle shot"
"product photoshoot of a plain black car on circular metallic platform, grey background, grey floor, front angle shot_6.png","product photoshoot of a plain black car on circular metallic platform, grey background, grey floor, front angle shot"
"product photoshoot of a plain black car on circular metallic platform, grey background, grey floor, front angle shot_7.png","product photoshoot of a plain black car on circular metallic platform, grey background, grey floor, front angle shot"
"product photoshoot of a white SUV car on circular metallic platform, grey background, grey floor, front angle shot_8.png","product photoshoot of a white SUV car on circular metallic platform, grey background, grey floor, front angle shot"
