image_file,caption
"photoshoot of black pant lying on a gray table, high quality shot_0.png","photoshoot of black pant lying on a gray table, high quality shot"
"photoshoot of black pant lying on a gray table, high quality shot_1.png","photoshoot of black pant lying on a gray table, high quality shot"
"photoshoot of blue top lying on a gray table, high quality shot_2.png","photoshoot of blue top lying on a gray table, high quality shot"
"photoshoot of blue top lying on a gray table, high quality shot_3.png","photoshoot of blue top lying on a gray table, high quality shot"
"photoshoot of gree shirt lying on a gray table, high quality shot_4.png","photoshoot of gree shirt lying on a gray table, high quality shot"
"photoshoot of gree shirt lying on a gray table, high quality shot_5.png","photoshoot of gree shirt lying on a gray table, high quality shot"
"photoshoot of green shirt lying on a gray table, high quality shot_6.png","photoshoot of green shirt lying on a gray table, high quality shot"
"photoshoot of white t-shirt lying on a gray table, high quality shot_7.png","photoshoot of white t-shirt lying on a gray table, high quality shot"
"photoshoot of white t-shirt lying on a gray table, high quality shot_8.png","photoshoot of white t-shirt lying on a gray table, high quality shot"
"photoshoot of yellow t-shirt lying on a gray table, high quality shot_10.png","photoshoot of yellow t-shirt lying on a gray table, high quality shot"
"photoshoot of yellow t-shirt lying on a gray table, high quality shot_9.png","photoshoot of yellow t-shirt lying on a gray table, high quality shot"
