image_file,caption
"product photoshoot of a brown jar on rectangular wooden chopping board on white table with some peas, tree leaves in background, sunlight, 4k, close up, minimal_0.png","product photoshoot of a brown jar on rectangular wooden chopping board on white table with some peas, tree leaves in background, sunlight, 4k, close up, minimal"
"product photoshoot of a brown serum bottle on rectangular wooden chopping board on white table with some pea fruits, tree leaves in background, sunlight, 4k, close up, minimal_1.png","product photoshoot of a brown serum bottle on rectangular wooden chopping board on white table with some pea fruits, tree leaves in background, sunlight, 4k, close up, minimal"
"product photoshoot of a brown serum bottle on rectangular wooden chopping board on white table with some pea fruits, tree leaves in background, sunlight, 4k, close up, minimal_2.png","product photoshoot of a brown serum bottle on rectangular wooden chopping board on white table with some pea fruits, tree leaves in background, sunlight, 4k, close up, minimal"
"product photoshoot of a perfume bottle on rectangular wooden chopping board on white table with some peas, tree leaves in background, sunlight, 4k, close up, minimal_3.png","product photoshoot of a perfume bottle on rectangular wooden chopping board on white table with some peas, tree leaves in background, sunlight, 4k, close up, minimal"
"product photoshoot of a skincare tube on rectangular wooden chopping board on white table with some peas, tree leaves in background, sunlight, 4k, close up, minimal_5.png","product photoshoot of a skincare tube on rectangular wooden chopping board on white table with some peas, tree leaves in background, sunlight, 4k, close up, minimal"
"product photoshoot of a skincare tube on rectangular wooden chopping board on white table with some peas, tree leaves in background, sunlight, 4k, close up_4.png","product photoshoot of a skincare tube on rectangular wooden chopping board on white table with some peas, tree leaves in background, sunlight, 4k, close up"
"product photoshoot of a solid grey bottle with plain cap on rectangular wooden chopping board on white table with some peas, tree leaves in background, sunlight, 4k, close up_6.png","product photoshoot of a solid grey bottle with plain cap on rectangular wooden chopping board on white table with some peas, tree leaves in background, sunlight, 4k, close up"
"product photoshoot of a solid grey bottle with plain cap on rectangular wooden chopping board on white table with some peas, tree leaves in background, sunlight, 4k, close up_7.png","product photoshoot of a solid grey bottle with plain cap on rectangular wooden chopping board on white table with some peas, tree leaves in background, sunlight, 4k, close up"
"product photoshoot of a white jar on rectangular wooden chopping board on white table with some peas, tree leaves in background, sunlight, 4k, close up, minimal_10.png","product photoshoot of a white jar on rectangular wooden chopping board on white table with some peas, tree leaves in background, sunlight, 4k, close up, minimal"
"product photoshoot of a white jar on rectangular wooden chopping board on white table with some peas, tree leaves in background, sunlight, 4k, close up, minimal_8.png","product photoshoot of a white jar on rectangular wooden chopping board on white table with some peas, tree leaves in background, sunlight, 4k, close up, minimal"
"product photoshoot of a white jar on rectangular wooden chopping board on white table with some peas, tree leaves in background, sunlight, 4k, close up, minimal_9.png","product photoshoot of a white jar on rectangular wooden chopping board on white table with some peas, tree leaves in background, sunlight, 4k, close up, minimal"
