image_file,caption
"product photoshoot of a blue perfume bottle standing on top of white stair prop, studio shoot, close up, high angle shot, pink background, minimal_0.png","product photoshoot of a blue perfume bottle standing on top of white stair prop, studio shoot, close up, high angle shot, pink background, minimal"
"product photoshoot of a blue perfume bottle standing on top of white stair prop, studio shoot, close up, high angle shot, pink background, minimal_1.png","product photoshoot of a blue perfume bottle standing on top of white stair prop, studio shoot, close up, high angle shot, pink background, minimal"
"product photoshoot of a brown serum bottle standing on top of white stair prop, studio shoot, close up, high angle shot, pink background, minimal_3.png","product photoshoot of a brown serum bottle standing on top of white stair prop, studio shoot, close up, high angle shot, pink background, minimal"
"product photoshoot of a brown serum bottle standing on top of white stair prop, studio shoot, close up, high angle shot, pink background, minimal_4.png","product photoshoot of a brown serum bottle standing on top of white stair prop, studio shoot, close up, high angle shot, pink background, minimal"
"product photoshoot of a brown serum bottle standing on top of white stair prop, studio shoot, close up, high angle shot, pink background_2.png","product photoshoot of a brown serum bottle standing on top of white stair prop, studio shoot, close up, high angle shot, pink background"
"product photoshoot of a skincare tube standing on top of white stair prop, studio shoot, close up, high angle shot, pink background, minimal_5.png","product photoshoot of a skincare tube standing on top of white stair prop, studio shoot, close up, high angle shot, pink background, minimal"
"product photoshoot of a solid gray bottle with plain cap standing on top of white stair prop, studio shoot, close up, high angle shot, pink background, minimal_6.png","product photoshoot of a solid gray bottle with plain cap standing on top of white stair prop, studio shoot, close up, high angle shot, pink background, minimal"
"product photoshoot of a solid gray bottle with plain cap standing on top of white stair prop, studio shoot, close up, high angle shot, pink background, minimal_7.png","product photoshoot of a solid gray bottle with plain cap standing on top of white stair prop, studio shoot, close up, high angle shot, pink background, minimal"
"product photoshoot of a wine bottle standing on top of white stair prop, studio shoot, close up, high angle shot, pink background, minimal_8.png","product photoshoot of a wine bottle standing on top of white stair prop, studio shoot, close up, high angle shot, pink background, minimal"
"product photoshoot of a wine bottle standing on top of white stair prop, studio shoot, close up, high angle shot, pink background, minimal_9.png","product photoshoot of a wine bottle standing on top of white stair prop, studio shoot, close up, high angle shot, pink background, minimal"
