image_file,caption
"photoshoot of a blue car standing on beach sand, high quality shot, clear blue sky in background_6.png","photoshoot of a blue car standing on beach sand, high quality shot, clear blue sky in background"
"photoshoot of a blue car standing on beach sand, high quality shot, clear blue sky in background_7.png","photoshoot of a blue car standing on beach sand, high quality shot, clear blue sky in background"
"photoshoot of a blue car standing on beach sand, high quality shot, clear blue sky in background_8.png","photoshoot of a blue car standing on beach sand, high quality shot, clear blue sky in background"
"photoshoot of a brown sedan car standing on beach sand, high quality shot, clear blue sky in background_9.png","photoshoot of a brown sedan car standing on beach sand, high quality shot, clear blue sky in background"
"photoshoot of a SUV car standing on beach sand, high quality shot, clear blue sky in background_1.png","photoshoot of a SUV car standing on beach sand, high quality shot, clear blue sky in background"
"photoshoot of a SUV car standing on beach sand, high quality shot, clear blue sky in background_2.png","photoshoot of a SUV car standing on beach sand, high quality shot, clear blue sky in background"
"photoshoot of a SUV car standing on beach sand, high quality shot, clear blue sky in background_3.png","photoshoot of a SUV car standing on beach sand, high quality shot, clear blue sky in background"
"photoshoot of a SUV car standing on beach sand, high quality shot, clear blue sky in background_4.png","photoshoot of a SUV car standing on beach sand, high quality shot, clear blue sky in background"
"photoshoot of a SUV car standing on beach sand, high quality shot, clear blue sky in background_5.png","photoshoot of a SUV car standing on beach sand, high quality shot, clear blue sky in background"
"photoshoot of a SUV car standing on beach sand, high quality shot_0.png","photoshoot of a SUV car standing on beach sand, high quality shot"
