image_file,caption
"a closeup photo of a blue perfume bottle standing on a stain steel rectangular platform attached on a tiled white bathroom wall, front view shot_0.png","a closeup photo of a blue perfume bottle standing on a stain steel rectangular platform attached on a tiled white bathroom wall, front view shot"
"a closeup photo of a blue perfume bottle standing on a stain steel rectangular platform attached on a tiled white bathroom wall, front view shot_1.png","a closeup photo of a blue perfume bottle standing on a stain steel rectangular platform attached on a tiled white bathroom wall, front view shot"
"a closeup photo of a brown powder bottle with plain white cap standing on a stain steel rectangular platform attached on a tiled white bathroom wall, front view shot_2.png","a closeup photo of a brown powder bottle with plain white cap standing on a stain steel rectangular platform attached on a tiled white bathroom wall, front view shot"
"a closeup photo of a brown serum bottle standing on a stain steel rectangular platform attached on a tiled white bathroom wall, front view shot_3.png","a closeup photo of a brown serum bottle standing on a stain steel rectangular platform attached on a tiled white bathroom wall, front view shot"
"a closeup photo of a brown serum bottle standing on a stain steel rectangular platform attached on a tiled white bathroom wall, front view shot_4.png","a closeup photo of a brown serum bottle standing on a stain steel rectangular platform attached on a tiled white bathroom wall, front view shot"
"a closeup photo of a small skincare tube standing on a stain steel rectangular platform attached on a tiled white bathroom wall, front view shot_5.png","a closeup photo of a small skincare tube standing on a stain steel rectangular platform attached on a tiled white bathroom wall, front view shot"
"a closeup photo of a small skincare tube standing on a stain steel rectangular platform attached on a tiled white bathroom wall, front view shot_6.png","a closeup photo of a small skincare tube standing on a stain steel rectangular platform attached on a tiled white bathroom wall, front view shot"
"a closeup photo of pink skincare tube standing on a stain steel rectangular platform attached on a tiled white bathroom wall, front view shot_7.png","a closeup photo of pink skincare tube standing on a stain steel rectangular platform attached on a tiled white bathroom wall, front view shot"
"a closeup photo of small solid gray water bottle with plain cap standing on a stain steel rectangular platform attached on a tiled white bathroom wall, front view shot_8.png","a closeup photo of small solid gray water bottle with plain cap standing on a stain steel rectangular platform attached on a tiled white bathroom wall, front view shot"
"a closeup photo of small solid gray water bottle with plain cap standing on a stain steel rectangular platform attached on a tiled white bathroom wall, front view shot_9.png","a closeup photo of small solid gray water bottle with plain cap standing on a stain steel rectangular platform attached on a tiled white bathroom wall, front view shot"
"a closeup photo of small wine bottle with plain cap standing on a stain steel rectangular platform attached on a tiled white bathroom wall, front view shot_10.png","a closeup photo of small wine bottle with plain cap standing on a stain steel rectangular platform attached on a tiled white bathroom wall, front view shot"
