image_file,caption
"product photoshoot of a black female model wearing green top and black pant standing at balcony on tile floor, trees visible in background, minimal, shot from a distance_0.png","product photoshoot of a black female model wearing green top and black pant standing at balcony on tile floor, trees visible in background, minimal, shot from a distance"
"product photoshoot of a black female model wearing green top and black pant standing at balcony on tile floor, trees visible in background, minimal, shot from a distance_1.png","product photoshoot of a black female model wearing green top and black pant standing at balcony on tile floor, trees visible in background, minimal, shot from a distance"
"product photoshoot of a black male model wearing yellow t-shirt and black pant standing at balcony on tile floor, trees visible in background, minimal, shot from a distance_2.png","product photoshoot of a black male model wearing yellow t-shirt and black pant standing at balcony on tile floor, trees visible in background, minimal, shot from a distance"
"product photoshoot of a black male model wearing yellow t-shirt and black pant standing at balcony on tile floor, trees visible in background, minimal, shot from a distance_3.png","product photoshoot of a black male model wearing yellow t-shirt and black pant standing at balcony on tile floor, trees visible in background, minimal, shot from a distance"
"product photoshoot of a chinese female model wearing blue top and black pant standing at balcony on tile floor, trees visible in background, minimal, shot from a distance_4.png","product photoshoot of a chinese female model wearing blue top and black pant standing at balcony on tile floor, trees visible in background, minimal, shot from a distance"
"product photoshoot of a chinese female model wearing blue top and black pant standing at balcony on tile floor, trees visible in background, minimal, shot from a distance_5.png","product photoshoot of a chinese female model wearing blue top and black pant standing at balcony on tile floor, trees visible in background, minimal, shot from a distance"
"product photoshoot of a chinese male model wearing green t-shirt and black pant standing at balcony on tile floor, trees visible in background, minimal, shot from a distance_6.png","product photoshoot of a chinese male model wearing green t-shirt and black pant standing at balcony on tile floor, trees visible in background, minimal, shot from a distance"
"product photoshoot of a chinese male model wearing red t-shirt and black pant standing at balcony on tile floor, trees visible in background, minimal, shot from a distance_7.png","product photoshoot of a chinese male model wearing red t-shirt and black pant standing at balcony on tile floor, trees visible in background, minimal, shot from a distance"
"product photoshoot of a indian female model wearing pink kurta standing at balcony on tile floor, trees visible in background, minimal, shot from a distance_10.png","product photoshoot of a indian female model wearing pink kurta standing at balcony on tile floor, trees visible in background, minimal, shot from a distance"
"product photoshoot of a indian female model wearing pink kurta standing at balcony on tile floor, trees visible in background, minimal, shot from a distance_8.png","product photoshoot of a indian female model wearing pink kurta standing at balcony on tile floor, trees visible in background, minimal, shot from a distance"
"product photoshoot of a indian female model wearing pink kurta standing at balcony on tile floor, trees visible in background, minimal, shot from a distance_9.png","product photoshoot of a indian female model wearing pink kurta standing at balcony on tile floor, trees visible in background, minimal, shot from a distance"
