image_file,caption
"photoshoot of an indian female model wearing black kurta standing on stone path, open garden background, minimal_0.png","photoshoot of an indian female model wearing black kurta standing on stone path, open garden background, minimal"
"photoshoot of an indian female model wearing pink kurta standing on stone path, open garden background, minimal_1.png","photoshoot of an indian female model wearing pink kurta standing on stone path, open garden background, minimal"
"photoshoot of an indian female model wearing saree standing on stone path, garden background, minimal_2.png","photoshoot of an indian female model wearing saree standing on stone path, garden background, minimal"
"photoshoot of an indian female model wearing saree standing on stone path, garden background, minimal_3.png","photoshoot of an indian female model wearing saree standing on stone path, garden background, minimal"
"photoshoot of an indian female model wearing saree standing on stone path, garden background, minimal_4.png","photoshoot of an indian female model wearing saree standing on stone path, garden background, minimal"
"photoshoot of an indian female model wearing saree standing on stone path, garden background, minimal_5.png","photoshoot of an indian female model wearing saree standing on stone path, garden background, minimal"
"photoshoot of an indian female model wearing saree standing on stone path, garden background, minimal_6.png","photoshoot of an indian female model wearing saree standing on stone path, garden background, minimal"
"photoshoot of an indian female model wearing saree standing on stone path, garden background, minimal_7.png","photoshoot of an indian female model wearing saree standing on stone path, garden background, minimal"
"photoshoot of an indian female model wearing saree standing on stone path, open garden background, minimal_8.png","photoshoot of an indian female model wearing saree standing on stone path, open garden background, minimal"
"photoshoot of an indian female model wearing white kurta standing on stone path, open garden background, minimal_9.png","photoshoot of an indian female model wearing white kurta standing on stone path, open garden background, minimal"
"photoshoot of an indian female model wearing yellow kurta standing on stone path, open garden background, minimal_10.png","photoshoot of an indian female model wearing yellow kurta standing on stone path, open garden background, minimal"
"photoshoot of an indian female model wearing yellow kurta standing on stone path, open garden background, minimal_11.png","photoshoot of an indian female model wearing yellow kurta standing on stone path, open garden background, minimal"
