image_file,caption
"photoshoot of black sports car standing on dry hill, cityscape in far distance, blue sky, close shot_0.png","photoshoot of black sports car standing on dry hill, cityscape in far distance, blue sky, close shot"
"photoshoot of black sports car standing on dry hill, cityscape in far distance, blue sky, close shot_1.png","photoshoot of black sports car standing on dry hill, cityscape in far distance, blue sky, close shot"
"photoshoot of black sports car standing on dry hill, cityscape in far distance, blue sky, close shot_2.png","photoshoot of black sports car standing on dry hill, cityscape in far distance, blue sky, close shot"
"photoshoot of blue SUV car standing on dry hill front facing, cityscape in far distance, blue sky, close shot_3.png","photoshoot of blue SUV car standing on dry hill front facing, cityscape in far distance, blue sky, close shot"
"photoshoot of blue SUV car standing on dry hill front facing, cityscape in far distance, blue sky, close shot_4.png","photoshoot of blue SUV car standing on dry hill front facing, cityscape in far distance, blue sky, close shot"
"photoshoot of blue SUV car standing on dry hill, cityscape in far distance, blue sky, close shot_5.png","photoshoot of blue SUV car standing on dry hill, cityscape in far distance, blue sky, close shot"
"photoshoot of brown sedan car standing on dry hill front facing, cityscape in far distance, blue sky, close shot_6.png","photoshoot of brown sedan car standing on dry hill front facing, cityscape in far distance, blue sky, close shot"
"photoshoot of brown sedan car standing on dry hill front facing, cityscape in far distance, blue sky, close shot_7.png","photoshoot of brown sedan car standing on dry hill front facing, cityscape in far distance, blue sky, close shot"
"photoshoot of white SUV car standing on dry hill at a pose, cityscape in far distance, blue sky, close shot_8.png","photoshoot of white SUV car standing on dry hill at a pose, cityscape in far distance, blue sky, close shot"
"photoshoot of white SUV car standing on dry hill, cityscape in far distance, blue sky, close shot_10.png","photoshoot of white SUV car standing on dry hill, cityscape in far distance, blue sky, close shot"
"photoshoot of white SUV car standing on dry hill, cityscape in far distance, blue sky, close shot_9.png","photoshoot of white SUV car standing on dry hill, cityscape in far distance, blue sky, close shot"
