image_file,caption
"photoshoot of a black female model wearing pink top and black pant standing on white marble floor, beige wall in background, few vintage flower photo frames, a chair at one side, distant shot, minimal_0.png","photoshoot of a black female model wearing pink top and black pant standing on white marble floor, beige wall in background, few vintage flower photo frames, a chair at one side, distant shot, minimal"
"photoshoot of a black female model wearing pink top and black pant standing on white marble floor, beige wall in background, few vintage flower photo frames, a chair at one side, distant shot, minimal_1.png","photoshoot of a black female model wearing pink top and black pant standing on white marble floor, beige wall in background, few vintage flower photo frames, a chair at one side, distant shot, minimal"
"photoshoot of a black male model wearing yellow t-shirt and black pant standing on white marble floor, beige wall in background, few vintage flower photo frames, a chair at one side, distant shot, minimal_2.png","photoshoot of a black male model wearing yellow t-shirt and black pant standing on white marble floor, beige wall in background, few vintage flower photo frames, a chair at one side, distant shot, minimal"
"photoshoot of a black male model wearing yellow t-shirt and black pant standing on white marble floor, beige wall in background, few vintage flower photo frames, a chair at one side, distant shot, minimal_3.png","photoshoot of a black male model wearing yellow t-shirt and black pant standing on white marble floor, beige wall in background, few vintage flower photo frames, a chair at one side, distant shot, minimal"
"photoshoot of a chinese female model wearing blue top and black pant standing on white marble floor, beige wall in background, few vintage flower photo frames on wall, a chair at one side, distant shot_4.png","photoshoot of a chinese female model wearing blue top and black pant standing on white marble floor, beige wall in background, few vintage flower photo frames on wall, a chair at one side, distant shot"
"photoshoot of a chinese male model wearing gray t-shirt and black pant standing on white marble floor, beige wall in background, few vintage flower photo frames, a chair at one side, distant shot, minimal_5.png","photoshoot of a chinese male model wearing gray t-shirt and black pant standing on white marble floor, beige wall in background, few vintage flower photo frames, a chair at one side, distant shot, minimal"
"photoshoot of a indian female model wearing pink kurta and black pant standing on white marble floor, beige wall in background, few vintage flower photo frames, a chair at one side, distant shot, minimal_6.png","photoshoot of a indian female model wearing pink kurta and black pant standing on white marble floor, beige wall in background, few vintage flower photo frames, a chair at one side, distant shot, minimal"
"photoshoot of a indian female model wearing pink kurta and black pant standing on white marble floor, beige wall in background, few vintage flower photo frames, a chair at one side, distant shot, minimal_7.png","photoshoot of a indian female model wearing pink kurta and black pant standing on white marble floor, beige wall in background, few vintage flower photo frames, a chair at one side, distant shot, minimal"
"photoshoot of a indian female model wearing pink kurta and black pant standing on white marble floor, beige wall in background, few vintage flower photo frames, a chair at one side, distant shot, minimal_8.png","photoshoot of a indian female model wearing pink kurta and black pant standing on white marble floor, beige wall in background, few vintage flower photo frames, a chair at one side, distant shot, minimal"
"photoshoot of a indian male model wearing green t-shirt and black pant standing on white marble floor, beige wall in background, few vintage flower photo frames, a chair at one side, distant shot, minimal_9.png","photoshoot of a indian male model wearing green t-shirt and black pant standing on white marble floor, beige wall in background, few vintage flower photo frames, a chair at one side, distant shot, minimal"
"photoshoot of a white female model wearing yellow top and black pant standing on white marble floor, beige wall in background, few vintage flower photo frames on wall, a chair at one side, distant shot_10.png","photoshoot of a white female model wearing yellow top and black pant standing on white marble floor, beige wall in background, few vintage flower photo frames on wall, a chair at one side, distant shot"
