image_file,caption
"photoshoot of a indian dark female model wearing red saree standing in room, aesthetic white wall in background, minimal_0.png","photoshoot of a indian dark female model wearing red saree standing in room, aesthetic white wall in background, minimal"
"photoshoot of a indian dark female model wearing red saree standing in room, aesthetic white wall in background, minimal_1.png","photoshoot of a indian dark female model wearing red saree standing in room, aesthetic white wall in background, minimal"
"photoshoot of a indian female model standing in room, aesthetic white wall in background, minimal_2.png","photoshoot of a indian female model standing in room, aesthetic white wall in background, minimal"
"photoshoot of a indian female model standing in room, aesthetic white wall in background, minimal_3.png","photoshoot of a indian female model standing in room, aesthetic white wall in background, minimal"
"photoshoot of a indian female model standing in room, aesthetic white wall in background, minimal_4.png","photoshoot of a indian female model standing in room, aesthetic white wall in background, minimal"
"photoshoot of a indian female model wearing black kurta standing in room, aesthetic white wall in background, minimal_5.png","photoshoot of a indian female model wearing black kurta standing in room, aesthetic white wall in background, minimal"
"photoshoot of a indian female model wearing black saree standing in room, aesthetic white wall in background, minimal_6.png","photoshoot of a indian female model wearing black saree standing in room, aesthetic white wall in background, minimal"
"photoshoot of a indian female model wearing simple clothes standing in room, aesthetic white wall in background, minimal_7.png","photoshoot of a indian female model wearing simple clothes standing in room, aesthetic white wall in background, minimal"
"photoshoot of a indian female model wearing yellow kurta standing in room, aesthetic white wall in background, minimal_8.png","photoshoot of a indian female model wearing yellow kurta standing in room, aesthetic white wall in background, minimal"
"photoshoot of a indian female model wearing yellow saree standing in room, aesthetic white wall in background, minimal_9.png","photoshoot of a indian female model wearing yellow saree standing in room, aesthetic white wall in background, minimal"
