image_file,caption
"photoshoot of a blue SUV car standing in middle of the road, green lush forest on both sides,_0.png","photoshoot of a blue SUV car standing in middle of the road, green lush forest on both sides,"
"photoshoot of a blue SUV car standing in middle of the road, green lush forest on both sides,_1.png","photoshoot of a blue SUV car standing in middle of the road, green lush forest on both sides,"
"photoshoot of a blue SUV car standing in middle of the road, green lush forest on both sides,_2.png","photoshoot of a blue SUV car standing in middle of the road, green lush forest on both sides,"
"photoshoot of a brown sedan car standing in middle of the road at a pose, green lush forest on both sides,_3.png","photoshoot of a brown sedan car standing in middle of the road at a pose, green lush forest on both sides,"
"photoshoot of a brown sedan car standing in middle of the road at a pose, green lush forest on both sides,_4.png","photoshoot of a brown sedan car standing in middle of the road at a pose, green lush forest on both sides,"
"photoshoot of a brown sedan car standing in middle of the road at a pose, green lush forest on both sides,_5.png","photoshoot of a brown sedan car standing in middle of the road at a pose, green lush forest on both sides,"
"photoshoot of a brown sedan car standing in middle of the road at a pose, green lush forest on both sides,_6.png","photoshoot of a brown sedan car standing in middle of the road at a pose, green lush forest on both sides,"
"photoshoot of a gray minivan car standing in middle of the road at a pose, green lush forest on both sides,_7.png","photoshoot of a gray minivan car standing in middle of the road at a pose, green lush forest on both sides,"
"photoshoot of a gray minivan car standing in middle of the road at a pose, green lush forest on both sides,_8.png","photoshoot of a gray minivan car standing in middle of the road at a pose, green lush forest on both sides,"
"photoshoot of a gray minivan car standing in middle of the road at a pose, green lush forest on both sides,_9.png","photoshoot of a gray minivan car standing in middle of the road at a pose, green lush forest on both sides,"
