image_file,caption
"pair of grey headphones, white powder suspended around it, black background,_1.png","pair of grey headphones, white powder suspended around it, black background,"
"pair of grey headphones, white powder suspended around it, black background_0.png","pair of grey headphones, white powder suspended around it, black background"
"pair of small blue earpods, white powder suspended around it, black background,_2.png","pair of small blue earpods, white powder suspended around it, black background,"
"pair of small blue earpods, white powder suspended around it, black background,_3.png","pair of small blue earpods, white powder suspended around it, black background,"
"photoshoot of smartphone, white powder suspended around it, black background,_4.png","photoshoot of smartphone, white powder suspended around it, black background,"
"photoshoot of smartphone, white powder suspended around it, black background,_5.png","photoshoot of smartphone, white powder suspended around it, black background,"
"photoshoot of smartphone, white powder suspended around it, black background,_6.png","photoshoot of smartphone, white powder suspended around it, black background,"
"photoshoot of smartwatch, white powder suspended around it, black background,_7.png","photoshoot of smartwatch, white powder suspended around it, black background,"
"smartwatch, white powder suspended around it, black background,_8.png","smartwatch, white powder suspended around it, black background,"
"smartwatch, white powder suspended around it, black background,_9.png","smartwatch, white powder suspended around it, black background,"
