image_file,caption
"product photoshoot of a chair kept on white tiled floor, white wall with black horizontal line pattern in background with a dry tree_0.png","product photoshoot of a chair kept on white tiled floor, white wall with black horizontal line pattern in background with a dry tree"
"product photoshoot of a chair kept on white tiled floor, white wall with black horizontal line pattern in background with a dry tree_1.png","product photoshoot of a chair kept on white tiled floor, white wall with black horizontal line pattern in background with a dry tree"
"product photoshoot of a office chair kept on white tiled floor, white wall with black horizontal line pattern in background with a dry tree_2.png","product photoshoot of a office chair kept on white tiled floor, white wall with black horizontal line pattern in background with a dry tree"
"product photoshoot of a office chair kept on white tiled floor, white wall with black horizontal line pattern in background with a dry tree_3.png","product photoshoot of a office chair kept on white tiled floor, white wall with black horizontal line pattern in background with a dry tree"
"product photoshoot of a office chair kept on white tiled floor, white wall with black horizontal line pattern in background with a dry tree_4.png","product photoshoot of a office chair kept on white tiled floor, white wall with black horizontal line pattern in background with a dry tree"
"product photoshoot of a small sofa kept on white tiled floor, white wall with black horizontal line pattern in background with a dry tree_5.png","product photoshoot of a small sofa kept on white tiled floor, white wall with black horizontal line pattern in background with a dry tree"
"product photoshoot of a table kept on white tiled floor, white wall with black horizontal line pattern in background with a dry tree_6.png","product photoshoot of a table kept on white tiled floor, white wall with black horizontal line pattern in background with a dry tree"
"product photoshoot of a table kept on white tiled floor, white wall with black horizontal line pattern in background with a dry tree_7.png","product photoshoot of a table kept on white tiled floor, white wall with black horizontal line pattern in background with a dry tree"
"product photoshoot of a table kept on white tiled floor, white wall with black horizontal line pattern in background with a dry tree_8.png","product photoshoot of a table kept on white tiled floor, white wall with black horizontal line pattern in background with a dry tree"
"product photoshoot of a table kept on white tiled floor, white wall with black horizontal line pattern in background with a dry tree_9.png","product photoshoot of a table kept on white tiled floor, white wall with black horizontal line pattern in background with a dry tree"
