image_file,caption
"product photoshoot of a small blue perfume bottle standing on a hemisppherical stone platform placed on a rectangular stone platform, high quality, plain gray studio background_0.png","product photoshoot of a small blue perfume bottle standing on a hemisppherical stone platform placed on a rectangular stone platform, high quality, plain gray studio background"
"product photoshoot of a small blue perfume bottle with plain cap standing on a hemisppherical stone platform placed on a rectangular stone platform, high quality, plain gray studio background_1.png","product photoshoot of a small blue perfume bottle with plain cap standing on a hemisppherical stone platform placed on a rectangular stone platform, high quality, plain gray studio background"
"product photoshoot of a small blue perfume bottle with plain cap standing on a hemisppherical stone platform placed on a rectangular stone platform, high quality, plain gray studio background_2.png","product photoshoot of a small blue perfume bottle with plain cap standing on a hemisppherical stone platform placed on a rectangular stone platform, high quality, plain gray studio background"
"product photoshoot of a small lotion bottle standing on a hemispherical stone platform placed on a rectangular stone platform, high quality, plain gray studio background_3.png","product photoshoot of a small lotion bottle standing on a hemispherical stone platform placed on a rectangular stone platform, high quality, plain gray studio background"
"product photoshoot of a small lotion bottle standing on a hemisppherical stone platform placed on a rectangular stone platform, high quality, plain gray studio background_4.png","product photoshoot of a small lotion bottle standing on a hemisppherical stone platform placed on a rectangular stone platform, high quality, plain gray studio background"
"product photoshoot of a small lotion bottle standing on a hemisppherical stone platform placed on a rectangular stone platform, high quality, plain gray studio background_5.png","product photoshoot of a small lotion bottle standing on a hemisppherical stone platform placed on a rectangular stone platform, high quality, plain gray studio background"
"product photoshoot of a small serum bottle standing on a hemispherical stone platform placed on a rectangular stone platform, high quality, plain gray studio background_6.png","product photoshoot of a small serum bottle standing on a hemispherical stone platform placed on a rectangular stone platform, high quality, plain gray studio background"
"product photoshoot of a small serum bottle standing on a hemispherical stone platform placed on a rectangular stone platform, high quality, plain gray studio background_7.png","product photoshoot of a small serum bottle standing on a hemispherical stone platform placed on a rectangular stone platform, high quality, plain gray studio background"
"product photoshoot of a small solid gray water bottle with plain cap standing on a hemisppherical stone platform placed on a rectangular stone platform, high quality, plain gray studio background_8.png","product photoshoot of a small solid gray water bottle with plain cap standing on a hemisppherical stone platform placed on a rectangular stone platform, high quality, plain gray studio background"
"product photoshoot of a small solid red water bottle with plain cap standing on a hemisppherical stone platform placed on a rectangular stone platform, high quality, plain gray studio background_9.png","product photoshoot of a small solid red water bottle with plain cap standing on a hemisppherical stone platform placed on a rectangular stone platform, high quality, plain gray studio background"
"product photoshoot of a small white lotion jar standing on a hemispherical stone platform placed on a rectangular stone platform, high quality, plain gray studio background_10.png","product photoshoot of a small white lotion jar standing on a hemispherical stone platform placed on a rectangular stone platform, high quality, plain gray studio background"
