image_file,caption
"product photography of blue perfume bottle lying straight on mowed grass, top down shot, professional, minimal_0.png","product photography of blue perfume bottle lying straight on mowed grass, top down shot, professional, minimal"
"product photography of blue perfume bottle lying straight on mowed grass, top down shot, professional, minimal_1.png","product photography of blue perfume bottle lying straight on mowed grass, top down shot, professional, minimal"
"product photography of brown serum bottle lying straight on mowed grass, top down shot, professional, minimal_2.png","product photography of brown serum bottle lying straight on mowed grass, top down shot, professional, minimal"
"product photography of brown serum bottle lying straight on mowed grass, top down shot, professional, minimal_3.png","product photography of brown serum bottle lying straight on mowed grass, top down shot, professional, minimal"
"product photography of brown serum bottle lying straight on tiny grass, top down shot, professional, minimal_4.png","product photography of brown serum bottle lying straight on tiny grass, top down shot, professional, minimal"
"product photography of skincare tube lying straight on mowed grass, top down shot, professional, minimal_5.png","product photography of skincare tube lying straight on mowed grass, top down shot, professional, minimal"
"product photography of skincare tube lying straight on mowed grass, top down shot, professional, minimal_6.png","product photography of skincare tube lying straight on mowed grass, top down shot, professional, minimal"
"product photography of solid gray bottle lying straight on mowed grass, top down shot, professional, minimal_7.png","product photography of solid gray bottle lying straight on mowed grass, top down shot, professional, minimal"
"product photography of wine bottle lying straight on mowed grass, top down shot, professional, minimal_8.png","product photography of wine bottle lying straight on mowed grass, top down shot, professional, minimal"
"product photography of wine bottle lying straight on mowed grass, top down shot, professional, minimal_9.png","product photography of wine bottle lying straight on mowed grass, top down shot, professional, minimal"
