image_file,caption
"photoshoot of a chinese female model wearing blue top and black pant standing on white marble floor, beige wall in background, white curtain on left side, minimal, distant shot_0.png","photoshoot of a chinese female model wearing blue top and black pant standing on white marble floor, beige wall in background, white curtain on left side, minimal, distant shot"
"photoshoot of a chinese female model wearing blue top and black pant standing on white marble floor, beige wall in background, white curtain on left side, minimal, distant shot_1.png","photoshoot of a chinese female model wearing blue top and black pant standing on white marble floor, beige wall in background, white curtain on left side, minimal, distant shot"
"photoshoot of a chinese female model wearing green top standing on white marble floor, beige wall in background, white curtain on left side, minimal, distant shot_2.png","photoshoot of a chinese female model wearing green top standing on white marble floor, beige wall in background, white curtain on left side, minimal, distant shot"
"photoshoot of a chinese female model wearing green top standing on white marble floor, beige wall in background, white curtain on left side, minimal, distant shot_3.png","photoshoot of a chinese female model wearing green top standing on white marble floor, beige wall in background, white curtain on left side, minimal, distant shot"
"photoshoot of a chinese male model wearing blue t-shirt standing on white marble floor, beige wall in background, white curtain on left side, minimal, distant shot_4.png","photoshoot of a chinese male model wearing blue t-shirt standing on white marble floor, beige wall in background, white curtain on left side, minimal, distant shot"
"photoshoot of a chinese male model wearing green t-shirt standing on white marble floor, beige wall in background, white curtain on left side, minimal, distant shot_5.png","photoshoot of a chinese male model wearing green t-shirt standing on white marble floor, beige wall in background, white curtain on left side, minimal, distant shot"
"photoshoot of a chinese male model wearing green t-shirt standing on white marble floor, beige wall in background, white curtain on left side, minimal, distant shot_6.png","photoshoot of a chinese male model wearing green t-shirt standing on white marble floor, beige wall in background, white curtain on left side, minimal, distant shot"
"photoshoot of a indian female model wearing yellow kurta and black pant standing on white marble floor, beige wall in background, white curtain on left side, minimal, distant shot_7.png","photoshoot of a indian female model wearing yellow kurta and black pant standing on white marble floor, beige wall in background, white curtain on left side, minimal, distant shot"
"photoshoot of a indian female model wearing yellow kurta and black pant standing on white marble floor, beige wall in background, white curtain on left side, minimal, distant shot_8.png","photoshoot of a indian female model wearing yellow kurta and black pant standing on white marble floor, beige wall in background, white curtain on left side, minimal, distant shot"
"photoshoot of a indian male model wearing blue t-shirt standing on white marble floor, beige wall in background, white curtain on left side, minimal, distant shot_9.png","photoshoot of a indian male model wearing blue t-shirt standing on white marble floor, beige wall in background, white curtain on left side, minimal, distant shot"
