image_file,caption
"A black female model wearing a red top and black trackpants standing in white minimal room with window in background, smooth floor, side angle shot_0.png","A black female model wearing a red top and black trackpants standing in white minimal room with window in background, smooth floor, side angle shot"
"A black female model wearing a red top and black trackpants standing in white minimal room with window in background, smooth floor, side angle shot_1.png","A black female model wearing a red top and black trackpants standing in white minimal room with window in background, smooth floor, side angle shot"
"A black male model wearing a blue t-shirt and black pants standing in white minimal room with window in background, smooth floor, side angle shot_2.png","A black male model wearing a blue t-shirt and black pants standing in white minimal room with window in background, smooth floor, side angle shot"
"A black male model wearing a blue t-shirt and black pants standing in white minimal room with window in background, smooth floor, side angle shot_3.png","A black male model wearing a blue t-shirt and black pants standing in white minimal room with window in background, smooth floor, side angle shot"
"A chinese female model wearing a blue top and black pants standing in white minimal room with window in background, smooth floor, side angle shot_4.png","A chinese female model wearing a blue top and black pants standing in white minimal room with window in background, smooth floor, side angle shot"
"A chinese male model wearing a green t-shirt and black trackpants standing in white minimal room with window in background, smooth floor, side angle shot_5.png","A chinese male model wearing a green t-shirt and black trackpants standing in white minimal room with window in background, smooth floor, side angle shot"
"A indian female model wearing a yellow top and white pants standing in white minimal room with window in background, smooth floor, side angle shot_6.png","A indian female model wearing a yellow top and white pants standing in white minimal room with window in background, smooth floor, side angle shot"
"A indian male model wearing a brown t-shirt and black pants standing in white minimal room with window in background, smooth floor, side angle shot_7.png","A indian male model wearing a brown t-shirt and black pants standing in white minimal room with window in background, smooth floor, side angle shot"
A white female model wearing a blue top and black trackpants standing in white minimal room with window in background_8.png,A white female model wearing a blue top and black trackpants standing in white minimal room with window in background
A white female model wearing a blue top and black trackpants standing in white minimal room with window in background_9.png,A white female model wearing a blue top and black trackpants standing in white minimal room with window in background
"A white male model wearing a gray t-shirt and black pants standing in white minimal room with window in background, smooth floor, side angle shot_10.png","A white male model wearing a gray t-shirt and black pants standing in white minimal room with window in background, smooth floor, side angle shot"
"A white male model wearing a gray t-shirt and black trackpants standing in white minimal room with window in background, smooth floor_11.png","A white male model wearing a gray t-shirt and black trackpants standing in white minimal room with window in background, smooth floor"
