image_file,caption
"closeup, blue perfume bottle standing on a cube sand platform, next to green leaves, beach afternoon background_0.png","closeup, blue perfume bottle standing on a cube sand platform, next to green leaves, beach afternoon background"
"closeup, blue perfume bottle standing on a cube sand platform, next to green leaves, beach afternoon background_1.png","closeup, blue perfume bottle standing on a cube sand platform, next to green leaves, beach afternoon background"
"closeup, brown serum bottle standing on a cube sand platform, next to green leaves, beach afternoon background_2.png","closeup, brown serum bottle standing on a cube sand platform, next to green leaves, beach afternoon background"
"closeup, brown serum bottle standing on a cube sand platform, next to green leaves, beach afternoon background_3.png","closeup, brown serum bottle standing on a cube sand platform, next to green leaves, beach afternoon background"
"closeup, brown serum bottle standing on a cube sand platform, next to green leaves, beach afternoon background_4.png","closeup, brown serum bottle standing on a cube sand platform, next to green leaves, beach afternoon background"
"closeup, grey bottle with plain cap standing on a cube sand platform, next to green leaves, beach afternoon background_5.png","closeup, grey bottle with plain cap standing on a cube sand platform, next to green leaves, beach afternoon background"
"closeup, skincare tube standing on a cube sand platform, next to green leaves, beach afternoon background_6.png","closeup, skincare tube standing on a cube sand platform, next to green leaves, beach afternoon background"
"closeup, skincare tube standing on a cube sand platform, next to green leaves, beach afternoon background_7.png","closeup, skincare tube standing on a cube sand platform, next to green leaves, beach afternoon background"
