image_file,caption
"photoshoot of a indian female model waering a red kurta and black pant standing on red marble floor, designer village yellow wall in background_0.png","photoshoot of a indian female model waering a red kurta and black pant standing on red marble floor, designer village yellow wall in background"
"photoshoot of a indian female model waering a red kurta and black pant standing on red marble floor, designer village yellow wall in background_1.png","photoshoot of a indian female model waering a red kurta and black pant standing on red marble floor, designer village yellow wall in background"
"photoshoot of a indian female model waering a red kurta and black pant standing on red marble floor, designer village yellow wall in background_2.png","photoshoot of a indian female model waering a red kurta and black pant standing on red marble floor, designer village yellow wall in background"
"photoshoot of a indian female model wearing a black saree standing on red marble floor, designer village yellow wall in background_3.png","photoshoot of a indian female model wearing a black saree standing on red marble floor, designer village yellow wall in background"
"photoshoot of a indian female model wearing a pink saree standing on red marble floor, designer village yellow wall in background_4.png","photoshoot of a indian female model wearing a pink saree standing on red marble floor, designer village yellow wall in background"
"photoshoot of a indian female model wearing a pink saree standing on red marble floor, designer village yellow wall in background_5.png","photoshoot of a indian female model wearing a pink saree standing on red marble floor, designer village yellow wall in background"
"photoshoot of a indian female model wearing a pink saree standing on red marble floor, village plain yellow wall in background_6.png","photoshoot of a indian female model wearing a pink saree standing on red marble floor, village plain yellow wall in background"
"photoshoot of a indian female model wearing a white kurta standing on red marble floor, designer village yellow wall in background_7.png","photoshoot of a indian female model wearing a white kurta standing on red marble floor, designer village yellow wall in background"
"photoshoot of a indian female model wearing a yellow kurta standing on red marble floor, village plain yellow wall in background_8.png","photoshoot of a indian female model wearing a yellow kurta standing on red marble floor, village plain yellow wall in background"
"photoshoot of a indian female model wearing a yellow kurta standing on red marble floor, village plain yellow wall in background_9.png","photoshoot of a indian female model wearing a yellow kurta standing on red marble floor, village plain yellow wall in background"
