image_file,caption
"photoshoot of a small diamond bracelet placed in a open black showcase box, top down shot_0.png","photoshoot of a small diamond bracelet placed in a open black showcase box, top down shot"
"photoshoot of a small diamond bracelet placed in a open black showcase box, top down shot_1.png","photoshoot of a small diamond bracelet placed in a open black showcase box, top down shot"
"photoshoot of a small diamond bracelet placed in a open black showcase box, top down shot_2.png","photoshoot of a small diamond bracelet placed in a open black showcase box, top down shot"
"photoshoot of a small diamond bracelet placed in a open black showcase box, top down shot_3.png","photoshoot of a small diamond bracelet placed in a open black showcase box, top down shot"
"photoshoot of a small diamond bracelet placed in a open black showcase box, top down shot_4.png","photoshoot of a small diamond bracelet placed in a open black showcase box, top down shot"
"photoshoot of a small diamond bracelet placed in a open black showcase box, top down shot_5.png","photoshoot of a small diamond bracelet placed in a open black showcase box, top down shot"
"photoshoot of a small diamond bracelet placed in a open black showcase box, top down shot_6.png","photoshoot of a small diamond bracelet placed in a open black showcase box, top down shot"
"photoshoot of a small diamond ring placed in a open black showcase box, top down shot_7.png","photoshoot of a small diamond ring placed in a open black showcase box, top down shot"
"photoshoot of a small diamond ring placed in a open black showcase box, top down shot_8.png","photoshoot of a small diamond ring placed in a open black showcase box, top down shot"
"photoshoot of a small diamond watch placed in a open black showcase box, top down shot_10.png","photoshoot of a small diamond watch placed in a open black showcase box, top down shot"
"photoshoot of a small diamond watch placed in a open black showcase box, top down shot_9.png","photoshoot of a small diamond watch placed in a open black showcase box, top down shot"
