image_file,caption
"product photoshoot of a blue perfume bottle standing on white circular platform, solid mustard color studio background, a small yellow solid flower standing on its side, minimal, closeup shot_0.png","product photoshoot of a blue perfume bottle standing on white circular platform, solid mustard color studio background, a small yellow solid flower standing on its side, minimal, closeup shot"
"product photoshoot of a blue perfume bottle standing on white circular platform, solid mustard color studio background, a small yellow solid flower standing on its side, minimal, closeup shot_1.png","product photoshoot of a blue perfume bottle standing on white circular platform, solid mustard color studio background, a small yellow solid flower standing on its side, minimal, closeup shot"
"product photoshoot of a brown serum bottle standing on white circular platform, solid blue color color studio background, a small yellow blooming flower standing on its side, minimal, closeup shot_2.png","product photoshoot of a brown serum bottle standing on white circular platform, solid blue color color studio background, a small yellow blooming flower standing on its side, minimal, closeup shot"
"product photoshoot of a brown serum bottle standing on white circular platform, solid mustard color studio background, a small yellow blooming flower standing on its side, minimal, closeup shot_4.png","product photoshoot of a brown serum bottle standing on white circular platform, solid mustard color studio background, a small yellow blooming flower standing on its side, minimal, closeup shot"
"product photoshoot of a deo bottle standing on white circular platform, solid mustard color studio background, a small yellow blooming flower standing on its side, minimal, closeup shot_6.png","product photoshoot of a deo bottle standing on white circular platform, solid mustard color studio background, a small yellow blooming flower standing on its side, minimal, closeup shot"
"product photoshoot of a ladies purse standing on white circular platform, solid blue color studio background, a small yellow blooming flower standing on its side, minimal, closeup shot_7.png","product photoshoot of a ladies purse standing on white circular platform, solid blue color studio background, a small yellow blooming flower standing on its side, minimal, closeup shot"
"product photoshoot of a ladies purse standing on white circular platform, solid pink color studio background, a small yellow blooming flower standing on its side, minimal, closeup shot_9.png","product photoshoot of a ladies purse standing on white circular platform, solid pink color studio background, a small yellow blooming flower standing on its side, minimal, closeup shot"
"product photoshoot of a skincare tube standing on white circular platform, solid blue color color studio background, a small yellow blooming flower standing on its side, minimal, closeup shot_10.png","product photoshoot of a skincare tube standing on white circular platform, solid blue color color studio background, a small yellow blooming flower standing on its side, minimal, closeup shot"
"product photoshoot of a skincare tube standing on white circular platform, solid mustard color studio background, a small yellow blooming flower standing on its side, minimal, closeup shot_12.png","product photoshoot of a skincare tube standing on white circular platform, solid mustard color studio background, a small yellow blooming flower standing on its side, minimal, closeup shot"
"product photoshoot of a skincare tube standing on white circular platform, solid pink color studio background, a small yellow blooming flower standing on its side, minimal, closeup shot_15.png","product photoshoot of a skincare tube standing on white circular platform, solid pink color studio background, a small yellow blooming flower standing on its side, minimal, closeup shot"
"product photoshoot of a stain steel bottle standing on white circular platform, solid mustard color studio background, a small yellow blooming flower standing on its side, minimal, closeup shot_16.png","product photoshoot of a stain steel bottle standing on white circular platform, solid mustard color studio background, a small yellow blooming flower standing on its side, minimal, closeup shot"
"product photoshoot of a stain steel bottle standing on white circular platform, solid mustard color studio background, a small yellow blooming flower standing on its side, minimal, closeup shot_17.png","product photoshoot of a stain steel bottle standing on white circular platform, solid mustard color studio background, a small yellow blooming flower standing on its side, minimal, closeup shot"
