image_file,caption
"photoshoot of brown sedan car standing on beach sand, palm trees behind it, clear blue sky_0.png","photoshoot of brown sedan car standing on beach sand, palm trees behind it, clear blue sky"
"photoshoot of brown sedan car standing on beach sand, palm trees behind it, clear blue sky_1.png","photoshoot of brown sedan car standing on beach sand, palm trees behind it, clear blue sky"
"photoshoot of car standing on beach sand, palm trees behind it, clear blue sky_2.png","photoshoot of car standing on beach sand, palm trees behind it, clear blue sky"
"photoshoot of car standing on beach sand, palm trees behind it, clear blue sky_3.png","photoshoot of car standing on beach sand, palm trees behind it, clear blue sky"
"photoshoot of car standing on beach sand, palm trees behind it, clear blue sky_4.png","photoshoot of car standing on beach sand, palm trees behind it, clear blue sky"
"photoshoot of plain black car standing on beach sand, palm trees behind it, clear blue sky_5.png","photoshoot of plain black car standing on beach sand, palm trees behind it, clear blue sky"
"photoshoot of plain black car standing on beach sand, palm trees behind it, clear blue sky_6.png","photoshoot of plain black car standing on beach sand, palm trees behind it, clear blue sky"
"photoshoot of white sports car standing on beach sand, palm trees behind it, clear blue sky_7.png","photoshoot of white sports car standing on beach sand, palm trees behind it, clear blue sky"
"photoshoot of white sports car standing on beach sand, palm trees behind it, clear blue sky_8.png","photoshoot of white sports car standing on beach sand, palm trees behind it, clear blue sky"
"photoshoot of white sports car standing on beach sand, palm trees behind it, clear blue sky_9.png","photoshoot of white sports car standing on beach sand, palm trees behind it, clear blue sky"
