image_file,caption
"product photoshoot of a blue perfume bottle standing on wooden circular platform, colorful background with circular shape in center, minimal, closeup shot_0.png","product photoshoot of a blue perfume bottle standing on wooden circular platform, colorful background with circular shape in center, minimal, closeup shot"
"product photoshoot of a brown serum bottle standing on wooden circular platform, colorful background with circular shape in center, minimal, closeup shot_1.png","product photoshoot of a brown serum bottle standing on wooden circular platform, colorful background with circular shape in center, minimal, closeup shot"
"product photoshoot of a deo bottle standing on wooden circular platform, colorful background with circular shape in center, minimal, closeup shot_2.png","product photoshoot of a deo bottle standing on wooden circular platform, colorful background with circular shape in center, minimal, closeup shot"
"product photoshoot of a purse standing on wooden circular platform, colorful background with circular shape in center, minimal, closeup shot_3.png","product photoshoot of a purse standing on wooden circular platform, colorful background with circular shape in center, minimal, closeup shot"
"product photoshoot of a skincare tube standing on wooden circular platform, colorful background with circular shape in center, minimal, closeup shot_4.png","product photoshoot of a skincare tube standing on wooden circular platform, colorful background with circular shape in center, minimal, closeup shot"
"product photoshoot of a skincare tube standing on wooden circular platform, colorful background with circular shape in center, minimal, closeup shot_5.png","product photoshoot of a skincare tube standing on wooden circular platform, colorful background with circular shape in center, minimal, closeup shot"
"product photoshoot of a solid grey bottle with plain cap standing on wooden circular platform, colorful background with circular shape in center, minimal, closeup shot_6.png","product photoshoot of a solid grey bottle with plain cap standing on wooden circular platform, colorful background with circular shape in center, minimal, closeup shot"
"product photoshoot of a solid grey bottle with plain cap standing on wooden circular platform, colorful background with circular shape in center, minimal, closeup shot_7.png","product photoshoot of a solid grey bottle with plain cap standing on wooden circular platform, colorful background with circular shape in center, minimal, closeup shot"
