image_file,caption
"photoshoot of a black male model wearing orange t-shirt and black pant standing on studio floor, blue and purple color gradient studio background, distant shot_0.png","photoshoot of a black male model wearing orange t-shirt and black pant standing on studio floor, blue and purple color gradient studio background, distant shot"
"photoshoot of a black male model wearing orange t-shirt and black pant standing on studio floor, blue and purple color gradient studio background, distant shot_1.png","photoshoot of a black male model wearing orange t-shirt and black pant standing on studio floor, blue and purple color gradient studio background, distant shot"
"photoshoot of a chinese female model wearing green top and black pant standing on studio floor, blue and purple color gradient studio background, distant shot_2.png","photoshoot of a chinese female model wearing green top and black pant standing on studio floor, blue and purple color gradient studio background, distant shot"
"photoshoot of a chinese female model wearing green top and black pant standing on studio floor, blue and purple color gradient studio background, distant shot_3.png","photoshoot of a chinese female model wearing green top and black pant standing on studio floor, blue and purple color gradient studio background, distant shot"
"photoshoot of a chinese male model wearing yellow t-shirt and black pant standing on studio floor, blue and purple color gradient studio background, distant shot_4.png","photoshoot of a chinese male model wearing yellow t-shirt and black pant standing on studio floor, blue and purple color gradient studio background, distant shot"
"photoshoot of a chinese male model wearing yellow t-shirt and black pant standing on studio floor, blue and purple color gradient studio background, distant shot_5.png","photoshoot of a chinese male model wearing yellow t-shirt and black pant standing on studio floor, blue and purple color gradient studio background, distant shot"
"photoshoot of a indian female model wearing pink kurta and black pant standing on studio floor, blue and purple color gradient studio background, distant shot_6.png","photoshoot of a indian female model wearing pink kurta and black pant standing on studio floor, blue and purple color gradient studio background, distant shot"
"photoshoot of a indian female model wearing pink kurta and black pant standing on studio floor, blue and purple color gradient studio background, distant shot_7.png","photoshoot of a indian female model wearing pink kurta and black pant standing on studio floor, blue and purple color gradient studio background, distant shot"
"photoshoot of a white female model wearing blue top and black pant standing on studio floor, blue and purple color gradient studio background, distant shot_8.png","photoshoot of a white female model wearing blue top and black pant standing on studio floor, blue and purple color gradient studio background, distant shot"
"photoshoot of a white female model wearing blue top and black pant standing on studio floor, blue and purple color gradient studio background, distant shot_9.png","photoshoot of a white female model wearing blue top and black pant standing on studio floor, blue and purple color gradient studio background, distant shot"
